2025-10-20 17:47:55,837 - main - INFO - Starting Kynora E-Commerce v1.0.0
2025-10-20 17:47:55,837 - main - INFO - Environment: development
2025-10-20 17:47:55,837 - main - INFO - Debug mode: True
2025-10-20 17:47:55,870 - watchfiles.main - INFO - 4 changes detected
2025-10-20 17:50:33,075 - watchfiles.main - INFO - 2 changes detected
2025-10-20 17:51:13,272 - main - INFO - Shutting down application...
2025-10-20 17:51:13,868 - watchfiles.main - INFO - 3 changes detected
2025-10-20 17:51:14,233 - watchfiles.main - INFO - 1 change detected
2025-10-20 17:51:14,597 - watchfiles.main - INFO - 1 change detected
2025-10-20 17:51:14,673 - main - INFO - Starting Kynora E-Commerce v1.0.0
2025-10-20 17:51:14,673 - main - INFO - Environment: development
2025-10-20 17:51:14,674 - main - INFO - Debug mode: True
2025-10-20 17:51:14,948 - watchfiles.main - INFO - 1 change detected
2025-10-20 17:51:15,312 - watchfiles.main - INFO - 1 change detected
2025-10-20 17:51:15,679 - watchfiles.main - INFO - 1 change detected
2025-10-20 17:51:16,043 - watchfiles.main - INFO - 1 change detected
2025-10-20 17:51:16,402 - watchfiles.main - INFO - 1 change detected
2025-10-20 17:51:16,805 - watchfiles.main - INFO - 1 change detected
2025-10-20 17:51:17,207 - watchfiles.main - INFO - 1 change detected
2025-10-20 17:51:17,621 - watchfiles.main - INFO - 1 change detected
2025-10-20 17:51:17,986 - watchfiles.main - INFO - 1 change detected
2025-10-20 17:51:18,388 - watchfiles.main - INFO - 1 change detected
2025-10-20 17:51:18,801 - watchfiles.main - INFO - 1 change detected
2025-10-20 17:51:19,207 - watchfiles.main - INFO - 1 change detected
2025-10-20 17:51:19,616 - watchfiles.main - INFO - 1 change detected
2025-10-20 17:51:19,980 - watchfiles.main - INFO - 1 change detected
2025-10-20 17:51:20,392 - watchfiles.main - INFO - 1 change detected
2025-10-20 17:51:20,745 - watchfiles.main - INFO - 1 change detected
2025-10-20 17:51:21,162 - watchfiles.main - INFO - 1 change detected
2025-10-20 17:51:21,575 - watchfiles.main - INFO - 1 change detected
2025-10-20 17:51:21,939 - watchfiles.main - INFO - 1 change detected
2025-10-20 17:51:22,348 - watchfiles.main - INFO - 1 change detected
2025-10-20 17:51:22,711 - watchfiles.main - INFO - 1 change detected
2025-10-20 17:51:23,122 - watchfiles.main - INFO - 1 change detected
2025-10-20 17:51:23,535 - watchfiles.main - INFO - 1 change detected
2025-10-20 17:51:23,951 - watchfiles.main - INFO - 1 change detected
2025-10-20 17:51:24,318 - watchfiles.main - INFO - 1 change detected
2025-10-20 17:51:24,721 - watchfiles.main - INFO - 1 change detected
2025-10-20 17:51:25,131 - watchfiles.main - INFO - 1 change detected
2025-10-20 17:51:25,546 - watchfiles.main - INFO - 1 change detected
2025-10-20 17:51:25,959 - watchfiles.main - INFO - 1 change detected
2025-10-20 17:51:26,326 - watchfiles.main - INFO - 1 change detected
2025-10-20 17:51:26,728 - watchfiles.main - INFO - 1 change detected
2025-10-20 17:51:27,089 - watchfiles.main - INFO - 1 change detected
2025-10-20 17:51:27,541 - watchfiles.main - INFO - 1 change detected
2025-10-20 17:51:27,948 - watchfiles.main - INFO - 1 change detected
2025-10-20 17:51:28,353 - watchfiles.main - INFO - 1 change detected
2025-10-20 17:51:28,769 - watchfiles.main - INFO - 1 change detected
2025-10-20 17:51:29,184 - watchfiles.main - INFO - 1 change detected
2025-10-20 17:51:29,599 - watchfiles.main - INFO - 1 change detected
2025-10-20 17:51:30,014 - watchfiles.main - INFO - 1 change detected
2025-10-20 17:51:30,378 - watchfiles.main - INFO - 1 change detected
2025-10-20 17:51:30,781 - watchfiles.main - INFO - 1 change detected
2025-10-20 17:51:31,187 - watchfiles.main - INFO - 1 change detected
2025-10-20 17:51:31,599 - watchfiles.main - INFO - 1 change detected
2025-10-20 17:51:32,059 - watchfiles.main - INFO - 1 change detected
2025-10-20 17:51:32,471 - watchfiles.main - INFO - 1 change detected
2025-10-20 17:51:32,872 - watchfiles.main - INFO - 1 change detected
2025-10-20 17:51:33,237 - watchfiles.main - INFO - 1 change detected
2025-10-20 17:51:33,653 - watchfiles.main - INFO - 1 change detected
2025-10-20 17:51:34,067 - watchfiles.main - INFO - 1 change detected
2025-10-20 17:51:34,482 - watchfiles.main - INFO - 1 change detected
2025-10-20 17:51:34,898 - watchfiles.main - INFO - 1 change detected
2025-10-20 17:51:35,314 - watchfiles.main - INFO - 1 change detected
2025-10-20 17:51:35,679 - watchfiles.main - INFO - 1 change detected
2025-10-20 17:51:36,091 - watchfiles.main - INFO - 1 change detected
2025-10-20 17:51:36,492 - watchfiles.main - INFO - 1 change detected
2025-10-20 17:51:36,906 - watchfiles.main - INFO - 1 change detected
2025-10-20 17:51:37,323 - watchfiles.main - INFO - 1 change detected
2025-10-20 17:51:37,687 - watchfiles.main - INFO - 1 change detected
2025-10-20 17:51:38,103 - watchfiles.main - INFO - 1 change detected
2025-10-20 17:51:38,520 - watchfiles.main - INFO - 1 change detected
2025-10-20 17:51:38,935 - watchfiles.main - INFO - 1 change detected
2025-10-20 17:51:39,349 - watchfiles.main - INFO - 1 change detected
2025-10-20 17:51:39,715 - watchfiles.main - INFO - 1 change detected
2025-10-20 17:51:40,129 - watchfiles.main - INFO - 1 change detected
2025-10-20 17:51:40,546 - watchfiles.main - INFO - 1 change detected
2025-10-20 17:51:40,961 - watchfiles.main - INFO - 1 change detected
2025-10-20 17:51:41,325 - watchfiles.main - INFO - 1 change detected
2025-10-20 17:51:41,741 - watchfiles.main - INFO - 1 change detected
2025-10-20 17:51:42,153 - watchfiles.main - INFO - 1 change detected
2025-10-20 17:51:42,569 - watchfiles.main - INFO - 1 change detected
2025-10-20 17:51:42,931 - watchfiles.main - INFO - 1 change detected
2025-10-20 17:51:43,341 - watchfiles.main - INFO - 1 change detected
2025-10-20 17:51:43,748 - watchfiles.main - INFO - 1 change detected
2025-10-20 17:51:44,156 - watchfiles.main - INFO - 1 change detected
2025-10-20 17:51:44,565 - watchfiles.main - INFO - 1 change detected
2025-10-20 17:51:44,980 - watchfiles.main - INFO - 1 change detected
2025-10-20 17:51:45,388 - watchfiles.main - INFO - 1 change detected
2025-10-20 17:51:45,752 - watchfiles.main - INFO - 1 change detected
2025-10-20 17:51:46,155 - watchfiles.main - INFO - 1 change detected
2025-10-20 17:51:46,560 - watchfiles.main - INFO - 1 change detected
2025-10-20 17:51:46,967 - watchfiles.main - INFO - 1 change detected
2025-10-20 17:51:47,375 - watchfiles.main - INFO - 1 change detected
2025-10-20 17:51:47,787 - watchfiles.main - INFO - 1 change detected
2025-10-20 17:51:48,202 - watchfiles.main - INFO - 1 change detected
2025-10-20 17:51:48,609 - watchfiles.main - INFO - 1 change detected
2025-10-20 17:51:49,070 - watchfiles.main - INFO - 1 change detected
2025-10-20 17:51:49,431 - watchfiles.main - INFO - 1 change detected
2025-10-20 17:51:49,841 - watchfiles.main - INFO - 1 change detected
2025-10-20 17:51:50,253 - watchfiles.main - INFO - 1 change detected
2025-10-20 17:51:50,656 - watchfiles.main - INFO - 1 change detected
2025-10-20 17:51:51,073 - watchfiles.main - INFO - 1 change detected
2025-10-20 17:51:51,490 - watchfiles.main - INFO - 1 change detected
2025-10-20 17:51:51,854 - watchfiles.main - INFO - 1 change detected
2025-10-20 17:51:52,262 - watchfiles.main - INFO - 1 change detected
2025-10-20 17:51:52,669 - watchfiles.main - INFO - 1 change detected
2025-10-20 17:51:53,079 - watchfiles.main - INFO - 1 change detected
2025-10-20 17:51:53,483 - watchfiles.main - INFO - 1 change detected
2025-10-20 17:51:53,885 - watchfiles.main - INFO - 1 change detected
2025-10-20 17:51:54,300 - watchfiles.main - INFO - 1 change detected
2025-10-20 17:51:54,714 - watchfiles.main - INFO - 1 change detected
2025-10-20 17:51:55,129 - watchfiles.main - INFO - 1 change detected
2025-10-20 17:51:55,494 - watchfiles.main - INFO - 1 change detected
2025-10-20 17:51:55,895 - watchfiles.main - INFO - 1 change detected
2025-10-20 17:51:56,309 - watchfiles.main - INFO - 1 change detected
2025-10-20 17:51:56,723 - watchfiles.main - INFO - 1 change detected
2025-10-20 17:51:57,089 - watchfiles.main - INFO - 1 change detected
2025-10-20 17:51:57,504 - watchfiles.main - INFO - 1 change detected
2025-10-20 17:51:57,914 - watchfiles.main - INFO - 1 change detected
2025-10-20 17:51:58,320 - watchfiles.main - INFO - 1 change detected
2025-10-20 17:51:58,732 - watchfiles.main - INFO - 1 change detected
2025-10-20 17:51:59,134 - watchfiles.main - INFO - 1 change detected
2025-10-20 17:51:59,498 - watchfiles.main - INFO - 1 change detected
2025-10-20 17:51:59,909 - watchfiles.main - INFO - 1 change detected
2025-10-20 17:52:00,319 - watchfiles.main - INFO - 1 change detected
2025-10-20 17:52:00,727 - watchfiles.main - INFO - 1 change detected
2025-10-20 17:52:01,192 - watchfiles.main - INFO - 1 change detected
2025-10-20 17:52:01,555 - watchfiles.main - INFO - 1 change detected
2025-10-20 17:52:01,959 - watchfiles.main - INFO - 1 change detected
2025-10-20 17:52:02,371 - watchfiles.main - INFO - 1 change detected
2025-10-20 17:52:02,786 - watchfiles.main - INFO - 1 change detected
2025-10-20 17:52:03,152 - watchfiles.main - INFO - 1 change detected
2025-10-20 17:52:03,568 - watchfiles.main - INFO - 1 change detected
2025-10-20 17:52:03,934 - watchfiles.main - INFO - 1 change detected
2025-10-20 17:52:04,342 - watchfiles.main - INFO - 1 change detected
2025-10-20 17:52:04,747 - watchfiles.main - INFO - 1 change detected
2025-10-20 17:52:05,164 - watchfiles.main - INFO - 1 change detected
2025-10-20 17:52:05,579 - watchfiles.main - INFO - 1 change detected
2025-10-20 17:52:05,991 - watchfiles.main - INFO - 1 change detected
2025-10-20 17:52:06,394 - watchfiles.main - INFO - 1 change detected
2025-10-20 17:52:06,758 - watchfiles.main - INFO - 1 change detected
2025-10-20 17:52:07,174 - watchfiles.main - INFO - 1 change detected
2025-10-20 17:52:07,588 - watchfiles.main - INFO - 1 change detected
2025-10-20 17:52:08,002 - watchfiles.main - INFO - 1 change detected
2025-10-20 17:52:08,368 - watchfiles.main - INFO - 1 change detected
2025-10-20 17:52:08,781 - watchfiles.main - INFO - 1 change detected
2025-10-20 17:52:09,182 - watchfiles.main - INFO - 1 change detected
2025-10-20 17:52:09,599 - watchfiles.main - INFO - 1 change detected
2025-10-20 17:52:10,013 - watchfiles.main - INFO - 1 change detected
2025-10-20 17:52:10,379 - watchfiles.main - INFO - 1 change detected
2025-10-20 17:52:10,793 - watchfiles.main - INFO - 1 change detected
2025-10-20 17:52:11,210 - watchfiles.main - INFO - 1 change detected
2025-10-20 17:52:11,574 - watchfiles.main - INFO - 1 change detected
2025-10-20 17:52:11,989 - watchfiles.main - INFO - 1 change detected
2025-10-20 17:52:12,406 - watchfiles.main - INFO - 1 change detected
2025-10-20 17:52:12,821 - watchfiles.main - INFO - 1 change detected
2025-10-20 17:52:13,236 - watchfiles.main - INFO - 1 change detected
2025-10-20 17:52:13,652 - watchfiles.main - INFO - 1 change detected
2025-10-20 17:52:14,067 - watchfiles.main - INFO - 1 change detected
2025-10-20 17:52:14,429 - watchfiles.main - INFO - 1 change detected
2025-10-20 17:52:14,844 - watchfiles.main - INFO - 1 change detected
2025-10-20 17:52:15,247 - watchfiles.main - INFO - 1 change detected
2025-10-20 17:52:15,660 - watchfiles.main - INFO - 1 change detected
2025-10-20 17:52:16,075 - watchfiles.main - INFO - 1 change detected
2025-10-20 17:52:16,440 - watchfiles.main - INFO - 1 change detected
2025-10-20 17:52:16,857 - watchfiles.main - INFO - 1 change detected
2025-10-20 17:52:17,273 - watchfiles.main - INFO - 1 change detected
2025-10-20 17:52:17,687 - watchfiles.main - INFO - 1 change detected
2025-10-20 17:52:18,103 - watchfiles.main - INFO - 1 change detected
2025-10-20 17:52:18,469 - watchfiles.main - INFO - 1 change detected
2025-10-20 17:52:18,884 - watchfiles.main - INFO - 1 change detected
2025-10-20 17:52:19,299 - watchfiles.main - INFO - 1 change detected
2025-10-20 17:52:19,664 - watchfiles.main - INFO - 1 change detected
2025-10-20 17:52:20,078 - watchfiles.main - INFO - 1 change detected
2025-10-20 17:52:20,544 - watchfiles.main - INFO - 1 change detected
2025-10-20 17:52:20,960 - watchfiles.main - INFO - 1 change detected
2025-10-20 17:52:21,372 - watchfiles.main - INFO - 1 change detected
2025-10-20 17:52:21,780 - watchfiles.main - INFO - 1 change detected
2025-10-20 17:52:22,185 - watchfiles.main - INFO - 1 change detected
2025-10-20 17:52:22,537 - watchfiles.main - INFO - 1 change detected
2025-10-20 17:52:22,945 - watchfiles.main - INFO - 1 change detected
2025-10-20 17:52:23,352 - watchfiles.main - INFO - 1 change detected
2025-10-20 17:52:23,764 - watchfiles.main - INFO - 1 change detected
2025-10-20 17:52:24,167 - watchfiles.main - INFO - 1 change detected
2025-10-20 17:52:24,579 - watchfiles.main - INFO - 1 change detected
2025-10-20 17:52:24,981 - watchfiles.main - INFO - 1 change detected
2025-10-20 17:52:25,393 - watchfiles.main - INFO - 1 change detected
2025-10-20 17:52:25,760 - watchfiles.main - INFO - 1 change detected
2025-10-20 17:52:26,172 - watchfiles.main - INFO - 1 change detected
2025-10-20 17:52:26,584 - watchfiles.main - INFO - 1 change detected
2025-10-20 17:52:26,988 - watchfiles.main - INFO - 1 change detected
2025-10-20 17:52:27,404 - watchfiles.main - INFO - 1 change detected
2025-10-20 17:52:27,816 - watchfiles.main - INFO - 1 change detected
2025-10-20 17:52:28,170 - watchfiles.main - INFO - 1 change detected
2025-10-20 17:52:28,621 - watchfiles.main - INFO - 1 change detected
2025-10-20 17:52:29,030 - watchfiles.main - INFO - 1 change detected
2025-10-20 17:52:29,433 - watchfiles.main - INFO - 1 change detected
2025-10-20 17:52:29,895 - watchfiles.main - INFO - 1 change detected
2025-10-20 17:52:30,296 - watchfiles.main - INFO - 1 change detected
2025-10-20 17:52:30,708 - watchfiles.main - INFO - 1 change detected
2025-10-20 17:52:31,109 - watchfiles.main - INFO - 1 change detected
2025-10-20 17:52:31,519 - watchfiles.main - INFO - 1 change detected
2025-10-20 17:52:31,920 - watchfiles.main - INFO - 1 change detected
2025-10-20 17:52:32,324 - watchfiles.main - INFO - 1 change detected
2025-10-20 17:52:32,681 - watchfiles.main - INFO - 1 change detected
2025-10-20 17:52:33,086 - watchfiles.main - INFO - 1 change detected
2025-10-20 17:52:33,493 - watchfiles.main - INFO - 1 change detected
2025-10-20 17:52:33,901 - watchfiles.main - INFO - 1 change detected
2025-10-20 17:52:34,316 - watchfiles.main - INFO - 1 change detected
2025-10-20 17:52:34,679 - watchfiles.main - INFO - 1 change detected
2025-10-20 17:52:35,081 - watchfiles.main - INFO - 1 change detected
2025-10-20 17:52:35,487 - watchfiles.main - INFO - 1 change detected
2025-10-20 17:52:35,894 - watchfiles.main - INFO - 1 change detected
2025-10-20 17:52:36,259 - watchfiles.main - INFO - 1 change detected
2025-10-20 17:52:36,725 - watchfiles.main - INFO - 1 change detected
2025-10-20 17:52:37,134 - watchfiles.main - INFO - 1 change detected
2025-10-20 17:52:37,536 - watchfiles.main - INFO - 1 change detected
2025-10-20 17:52:37,950 - watchfiles.main - INFO - 1 change detected
2025-10-20 17:52:38,353 - watchfiles.main - INFO - 1 change detected
2025-10-20 17:52:38,717 - watchfiles.main - INFO - 1 change detected
2025-10-20 17:52:39,132 - watchfiles.main - INFO - 1 change detected
2025-10-20 17:52:39,547 - watchfiles.main - INFO - 1 change detected
2025-10-20 17:52:39,955 - watchfiles.main - INFO - 1 change detected
2025-10-20 17:52:40,319 - watchfiles.main - INFO - 1 change detected
2025-10-20 17:52:40,729 - watchfiles.main - INFO - 1 change detected
2025-10-20 17:52:41,145 - watchfiles.main - INFO - 1 change detected
2025-10-20 17:52:41,557 - watchfiles.main - INFO - 1 change detected
2025-10-20 17:52:41,972 - watchfiles.main - INFO - 1 change detected
2025-10-20 17:52:42,388 - watchfiles.main - INFO - 1 change detected
2025-10-20 17:52:42,752 - watchfiles.main - INFO - 1 change detected
2025-10-20 17:52:43,164 - watchfiles.main - INFO - 1 change detected
2025-10-20 17:52:43,569 - watchfiles.main - INFO - 1 change detected
2025-10-20 17:52:43,933 - watchfiles.main - INFO - 1 change detected
2025-10-20 17:52:44,397 - watchfiles.main - INFO - 1 change detected
2025-10-20 17:52:44,814 - watchfiles.main - INFO - 1 change detected
2025-10-20 17:52:45,177 - watchfiles.main - INFO - 1 change detected
2025-10-20 17:52:45,580 - watchfiles.main - INFO - 1 change detected
2025-10-20 17:52:45,990 - watchfiles.main - INFO - 1 change detected
2025-10-20 17:52:46,404 - watchfiles.main - INFO - 1 change detected
2025-10-20 17:52:46,807 - watchfiles.main - INFO - 1 change detected
2025-10-20 17:52:47,218 - watchfiles.main - INFO - 1 change detected
2025-10-20 17:52:47,628 - watchfiles.main - INFO - 1 change detected
2025-10-20 17:52:48,030 - watchfiles.main - INFO - 1 change detected
2025-10-20 17:52:48,382 - watchfiles.main - INFO - 1 change detected
2025-10-20 17:52:48,785 - watchfiles.main - INFO - 1 change detected
2025-10-20 17:52:49,195 - watchfiles.main - INFO - 1 change detected
2025-10-20 17:52:49,597 - watchfiles.main - INFO - 1 change detected
2025-10-20 17:52:50,012 - watchfiles.main - INFO - 1 change detected
2025-10-20 17:52:50,428 - watchfiles.main - INFO - 1 change detected
2025-10-20 17:52:50,784 - watchfiles.main - INFO - 1 change detected
2025-10-20 17:52:51,242 - watchfiles.main - INFO - 1 change detected
2025-10-20 17:52:51,605 - watchfiles.main - INFO - 1 change detected
2025-10-20 17:52:52,006 - watchfiles.main - INFO - 1 change detected
2025-10-20 17:52:52,420 - watchfiles.main - INFO - 1 change detected
2025-10-20 17:52:52,821 - watchfiles.main - INFO - 1 change detected
2025-10-20 17:52:53,235 - watchfiles.main - INFO - 1 change detected
2025-10-20 17:52:53,600 - watchfiles.main - INFO - 1 change detected
2025-10-20 17:52:54,016 - watchfiles.main - INFO - 1 change detected
2025-10-20 17:52:54,427 - watchfiles.main - INFO - 1 change detected
2025-10-20 17:52:54,830 - watchfiles.main - INFO - 1 change detected
2025-10-20 17:52:55,234 - watchfiles.main - INFO - 1 change detected
2025-10-20 17:52:55,643 - watchfiles.main - INFO - 1 change detected
2025-10-20 17:52:56,004 - watchfiles.main - INFO - 1 change detected
2025-10-20 17:52:56,420 - watchfiles.main - INFO - 1 change detected
2025-10-20 17:52:56,824 - watchfiles.main - INFO - 1 change detected
2025-10-20 17:52:57,189 - watchfiles.main - INFO - 1 change detected
2025-10-20 17:52:57,598 - watchfiles.main - INFO - 1 change detected
2025-10-20 17:52:58,004 - watchfiles.main - INFO - 1 change detected
2025-10-20 17:52:58,408 - watchfiles.main - INFO - 1 change detected
2025-10-20 17:52:58,817 - watchfiles.main - INFO - 1 change detected
2025-10-20 17:52:59,231 - watchfiles.main - INFO - 1 change detected
2025-10-20 17:52:59,597 - watchfiles.main - INFO - 1 change detected
2025-10-20 17:53:00,012 - watchfiles.main - INFO - 1 change detected
2025-10-20 17:53:00,426 - watchfiles.main - INFO - 1 change detected
2025-10-20 17:53:00,841 - watchfiles.main - INFO - 1 change detected
2025-10-20 17:53:01,243 - watchfiles.main - INFO - 1 change detected
2025-10-20 17:53:01,605 - watchfiles.main - INFO - 1 change detected
2025-10-20 17:53:02,018 - watchfiles.main - INFO - 1 change detected
2025-10-20 17:53:02,422 - watchfiles.main - INFO - 1 change detected
2025-10-20 17:53:02,834 - watchfiles.main - INFO - 1 change detected
2025-10-20 17:53:03,249 - watchfiles.main - INFO - 1 change detected
2025-10-20 17:53:03,616 - watchfiles.main - INFO - 1 change detected
2025-10-20 17:53:04,031 - watchfiles.main - INFO - 1 change detected
2025-10-20 17:53:04,447 - watchfiles.main - INFO - 1 change detected
2025-10-20 17:53:04,863 - watchfiles.main - INFO - 1 change detected
2025-10-20 17:53:05,279 - watchfiles.main - INFO - 1 change detected
2025-10-20 17:53:05,644 - watchfiles.main - INFO - 1 change detected
2025-10-20 17:53:06,059 - watchfiles.main - INFO - 1 change detected
2025-10-20 17:53:06,474 - watchfiles.main - INFO - 1 change detected
2025-10-20 17:53:06,888 - watchfiles.main - INFO - 1 change detected
2025-10-20 17:53:07,254 - watchfiles.main - INFO - 1 change detected
2025-10-20 17:53:07,664 - watchfiles.main - INFO - 1 change detected
2025-10-20 17:53:08,068 - watchfiles.main - INFO - 1 change detected
2025-10-20 17:53:08,481 - watchfiles.main - INFO - 1 change detected
2025-10-20 17:53:08,897 - watchfiles.main - INFO - 1 change detected
2025-10-20 17:53:09,299 - watchfiles.main - INFO - 1 change detected
2025-10-20 17:53:09,714 - watchfiles.main - INFO - 1 change detected
2025-10-20 17:53:10,074 - watchfiles.main - INFO - 1 change detected
2025-10-20 17:53:10,476 - watchfiles.main - INFO - 1 change detected
2025-10-20 17:53:10,890 - watchfiles.main - INFO - 1 change detected
2025-10-20 17:53:11,293 - watchfiles.main - INFO - 1 change detected
2025-10-20 17:53:11,696 - watchfiles.main - INFO - 1 change detected
2025-10-20 17:53:12,049 - watchfiles.main - INFO - 1 change detected
2025-10-20 17:53:12,455 - watchfiles.main - INFO - 1 change detected
2025-10-20 17:53:12,871 - watchfiles.main - INFO - 1 change detected
2025-10-20 17:53:13,280 - watchfiles.main - INFO - 1 change detected
2025-10-20 17:53:13,682 - watchfiles.main - INFO - 1 change detected
2025-10-20 17:53:14,049 - watchfiles.main - INFO - 1 change detected
2025-10-20 17:53:14,463 - watchfiles.main - INFO - 1 change detected
2025-10-20 17:53:14,879 - watchfiles.main - INFO - 1 change detected
2025-10-20 17:53:15,285 - watchfiles.main - INFO - 1 change detected
2025-10-20 17:53:15,693 - watchfiles.main - INFO - 1 change detected
2025-10-20 17:53:16,056 - watchfiles.main - INFO - 1 change detected
2025-10-20 17:53:16,470 - watchfiles.main - INFO - 1 change detected
2025-10-20 17:53:16,874 - watchfiles.main - INFO - 1 change detected
2025-10-20 17:53:17,285 - watchfiles.main - INFO - 1 change detected
2025-10-20 17:53:17,650 - watchfiles.main - INFO - 1 change detected
2025-10-20 17:53:18,062 - watchfiles.main - INFO - 1 change detected
2025-10-20 17:53:18,464 - watchfiles.main - INFO - 1 change detected
2025-10-20 17:53:18,815 - watchfiles.main - INFO - 1 change detected
2025-10-20 17:53:19,231 - watchfiles.main - INFO - 1 change detected
2025-10-20 17:53:19,632 - watchfiles.main - INFO - 1 change detected
2025-10-20 17:53:20,043 - watchfiles.main - INFO - 1 change detected
2025-10-20 17:53:20,395 - watchfiles.main - INFO - 1 change detected
2025-10-20 17:53:20,807 - watchfiles.main - INFO - 1 change detected
2025-10-20 17:53:21,210 - watchfiles.main - INFO - 1 change detected
2025-10-20 17:53:21,623 - watchfiles.main - INFO - 1 change detected
2025-10-20 17:53:22,030 - watchfiles.main - INFO - 1 change detected
2025-10-20 17:53:22,437 - watchfiles.main - INFO - 1 change detected
2025-10-20 17:53:22,842 - watchfiles.main - INFO - 1 change detected
2025-10-20 17:53:23,248 - watchfiles.main - INFO - 1 change detected
2025-10-20 17:53:23,604 - watchfiles.main - INFO - 1 change detected
2025-10-20 17:53:24,014 - watchfiles.main - INFO - 1 change detected
2025-10-20 17:53:24,420 - watchfiles.main - INFO - 1 change detected
2025-10-20 17:53:24,826 - watchfiles.main - INFO - 1 change detected
2025-10-20 17:53:25,182 - watchfiles.main - INFO - 1 change detected
2025-10-20 17:53:25,593 - watchfiles.main - INFO - 1 change detected
2025-10-20 17:53:25,999 - watchfiles.main - INFO - 1 change detected
2025-10-20 17:53:26,403 - watchfiles.main - INFO - 1 change detected
2025-10-20 17:53:26,810 - watchfiles.main - INFO - 1 change detected
2025-10-20 17:53:27,216 - watchfiles.main - INFO - 1 change detected
2025-10-20 17:53:27,624 - watchfiles.main - INFO - 1 change detected
2025-10-20 17:53:28,030 - watchfiles.main - INFO - 1 change detected
2025-10-20 17:53:28,434 - watchfiles.main - INFO - 1 change detected
2025-10-20 17:53:28,841 - watchfiles.main - INFO - 1 change detected
2025-10-20 17:53:29,247 - watchfiles.main - INFO - 1 change detected
2025-10-20 17:53:29,654 - watchfiles.main - INFO - 1 change detected
2025-10-20 17:53:30,060 - watchfiles.main - INFO - 1 change detected
2025-10-20 17:53:30,467 - watchfiles.main - INFO - 1 change detected
2025-10-20 17:53:30,875 - watchfiles.main - INFO - 1 change detected
2025-10-20 17:53:31,279 - watchfiles.main - INFO - 1 change detected
2025-10-20 17:53:31,685 - watchfiles.main - INFO - 1 change detected
2025-10-20 17:53:32,042 - watchfiles.main - INFO - 1 change detected
2025-10-20 17:53:32,452 - watchfiles.main - INFO - 1 change detected
2025-10-20 17:53:32,856 - watchfiles.main - INFO - 1 change detected
2025-10-20 17:53:33,263 - watchfiles.main - INFO - 1 change detected
2025-10-20 17:53:33,671 - watchfiles.main - INFO - 1 change detected
2025-10-20 17:53:34,025 - watchfiles.main - INFO - 1 change detected
2025-10-20 17:53:34,436 - watchfiles.main - INFO - 1 change detected
2025-10-20 17:53:34,841 - watchfiles.main - INFO - 1 change detected
2025-10-20 17:53:35,248 - watchfiles.main - INFO - 1 change detected
2025-10-20 17:53:35,652 - watchfiles.main - INFO - 1 change detected
2025-10-20 17:53:36,060 - watchfiles.main - INFO - 1 change detected
2025-10-20 17:53:36,466 - watchfiles.main - INFO - 1 change detected
2025-10-20 17:53:36,872 - watchfiles.main - INFO - 1 change detected
2025-10-20 17:53:37,280 - watchfiles.main - INFO - 1 change detected
2025-10-20 17:53:37,685 - watchfiles.main - INFO - 1 change detected
2025-10-20 17:53:38,091 - watchfiles.main - INFO - 1 change detected
2025-10-20 17:53:38,548 - watchfiles.main - INFO - 1 change detected
2025-10-20 17:53:39,001 - watchfiles.main - INFO - 1 change detected
2025-10-20 17:53:39,355 - watchfiles.main - INFO - 1 change detected
2025-10-20 17:53:39,764 - watchfiles.main - INFO - 1 change detected
2025-10-20 17:53:40,171 - watchfiles.main - INFO - 1 change detected
2025-10-20 17:53:40,579 - watchfiles.main - INFO - 1 change detected
2025-10-20 17:53:41,034 - watchfiles.main - INFO - 1 change detected
2025-10-20 17:53:41,400 - watchfiles.main - INFO - 1 change detected
2025-10-20 17:53:41,861 - watchfiles.main - INFO - 1 change detected
2025-10-20 17:53:42,263 - watchfiles.main - INFO - 1 change detected
2025-10-20 17:53:42,668 - watchfiles.main - INFO - 1 change detected
2025-10-20 17:53:43,075 - watchfiles.main - INFO - 1 change detected
2025-10-20 17:53:43,482 - watchfiles.main - INFO - 1 change detected
2025-10-20 17:53:43,889 - watchfiles.main - INFO - 1 change detected
2025-10-20 17:53:44,299 - watchfiles.main - INFO - 1 change detected
2025-10-20 17:53:44,702 - watchfiles.main - INFO - 1 change detected
2025-10-20 17:53:45,107 - watchfiles.main - INFO - 1 change detected
2025-10-20 17:53:45,514 - watchfiles.main - INFO - 1 change detected
2025-10-20 17:53:45,919 - watchfiles.main - INFO - 1 change detected
2025-10-20 17:53:46,325 - watchfiles.main - INFO - 1 change detected
2025-10-20 17:53:46,731 - watchfiles.main - INFO - 1 change detected
2025-10-20 17:53:47,139 - watchfiles.main - INFO - 1 change detected
2025-10-20 17:53:47,546 - watchfiles.main - INFO - 1 change detected
2025-10-20 17:53:47,950 - watchfiles.main - INFO - 1 change detected
2025-10-20 17:53:48,358 - watchfiles.main - INFO - 1 change detected
2025-10-20 17:53:48,764 - watchfiles.main - INFO - 1 change detected
2025-10-20 17:53:49,169 - watchfiles.main - INFO - 1 change detected
2025-10-20 17:53:49,576 - watchfiles.main - INFO - 1 change detected
2025-10-20 17:53:49,988 - watchfiles.main - INFO - 1 change detected
2025-10-20 17:53:50,557 - watchfiles.main - INFO - 1 change detected
2025-10-20 17:53:50,915 - watchfiles.main - INFO - 1 change detected
2025-10-20 17:53:51,326 - watchfiles.main - INFO - 1 change detected
2025-10-20 17:53:51,731 - watchfiles.main - INFO - 1 change detected
2025-10-20 17:53:52,138 - watchfiles.main - INFO - 1 change detected
2025-10-20 17:53:52,549 - watchfiles.main - INFO - 1 change detected
2025-10-20 17:53:52,951 - watchfiles.main - INFO - 1 change detected
2025-10-20 17:53:53,357 - watchfiles.main - INFO - 1 change detected
2025-10-20 17:53:53,764 - watchfiles.main - INFO - 1 change detected
2025-10-20 17:53:54,169 - watchfiles.main - INFO - 1 change detected
2025-10-20 17:53:54,574 - watchfiles.main - INFO - 1 change detected
2025-10-20 17:53:54,984 - watchfiles.main - INFO - 1 change detected
2025-10-20 17:53:55,388 - watchfiles.main - INFO - 1 change detected
2025-10-20 17:53:55,795 - watchfiles.main - INFO - 1 change detected
2025-10-20 17:53:56,202 - watchfiles.main - INFO - 1 change detected
2025-10-20 17:53:56,606 - watchfiles.main - INFO - 1 change detected
2025-10-20 17:53:57,014 - watchfiles.main - INFO - 1 change detected
2025-10-20 17:53:57,420 - watchfiles.main - INFO - 1 change detected
2025-10-20 17:53:57,826 - watchfiles.main - INFO - 1 change detected
2025-10-20 17:53:58,238 - watchfiles.main - INFO - 1 change detected
2025-10-20 17:53:58,653 - watchfiles.main - INFO - 1 change detected
2025-10-20 17:53:59,063 - watchfiles.main - INFO - 1 change detected
2025-10-20 17:53:59,467 - watchfiles.main - INFO - 1 change detected
2025-10-20 17:53:59,825 - watchfiles.main - INFO - 1 change detected
2025-10-20 17:54:00,284 - watchfiles.main - INFO - 1 change detected
2025-10-20 17:54:00,687 - watchfiles.main - INFO - 1 change detected
2025-10-20 17:54:01,092 - watchfiles.main - INFO - 1 change detected
2025-10-20 17:54:01,497 - watchfiles.main - INFO - 1 change detected
2025-10-20 17:54:01,856 - watchfiles.main - INFO - 1 change detected
2025-10-20 17:54:02,466 - watchfiles.main - INFO - 1 change detected
2025-10-20 17:54:02,823 - watchfiles.main - INFO - 1 change detected
2025-10-20 17:54:03,231 - watchfiles.main - INFO - 1 change detected
2025-10-20 17:54:03,639 - watchfiles.main - INFO - 1 change detected
2025-10-20 17:54:04,046 - watchfiles.main - INFO - 1 change detected
2025-10-20 17:54:04,451 - watchfiles.main - INFO - 1 change detected
2025-10-20 17:54:04,857 - watchfiles.main - INFO - 1 change detected
2025-10-20 17:54:05,264 - watchfiles.main - INFO - 1 change detected
2025-10-20 17:54:05,670 - watchfiles.main - INFO - 1 change detected
2025-10-20 17:54:06,076 - watchfiles.main - INFO - 1 change detected
2025-10-20 17:54:06,483 - watchfiles.main - INFO - 1 change detected
2025-10-20 17:54:06,888 - watchfiles.main - INFO - 1 change detected
2025-10-20 17:54:07,295 - watchfiles.main - INFO - 1 change detected
2025-10-20 17:54:07,704 - watchfiles.main - INFO - 1 change detected
2025-10-20 17:54:08,107 - watchfiles.main - INFO - 1 change detected
2025-10-20 17:54:08,512 - watchfiles.main - INFO - 1 change detected
2025-10-20 17:54:08,920 - watchfiles.main - INFO - 1 change detected
2025-10-20 17:54:09,326 - watchfiles.main - INFO - 1 change detected
2025-10-20 17:54:09,732 - watchfiles.main - INFO - 1 change detected
2025-10-20 17:54:10,138 - watchfiles.main - INFO - 1 change detected
2025-10-20 17:54:10,546 - watchfiles.main - INFO - 1 change detected
2025-10-20 17:54:10,901 - watchfiles.main - INFO - 1 change detected
2025-10-20 17:54:11,312 - watchfiles.main - INFO - 1 change detected
2025-10-20 17:54:11,716 - watchfiles.main - INFO - 1 change detected
2025-10-20 17:54:12,122 - watchfiles.main - INFO - 1 change detected
2025-10-20 17:54:12,529 - watchfiles.main - INFO - 1 change detected
2025-10-20 17:54:12,937 - watchfiles.main - INFO - 1 change detected
2025-10-20 17:54:13,340 - watchfiles.main - INFO - 1 change detected
2025-10-20 17:54:13,747 - watchfiles.main - INFO - 1 change detected
2025-10-20 17:54:14,154 - watchfiles.main - INFO - 1 change detected
2025-10-20 17:54:14,562 - watchfiles.main - INFO - 1 change detected
2025-10-20 17:54:14,966 - watchfiles.main - INFO - 1 change detected
2025-10-20 17:54:15,371 - watchfiles.main - INFO - 1 change detected
2025-10-20 17:54:15,780 - watchfiles.main - INFO - 1 change detected
2025-10-20 17:54:16,136 - watchfiles.main - INFO - 1 change detected
2025-10-20 17:54:16,545 - watchfiles.main - INFO - 1 change detected
2025-10-20 17:54:16,951 - watchfiles.main - INFO - 1 change detected
2025-10-20 17:54:17,358 - watchfiles.main - INFO - 1 change detected
2025-10-20 17:54:17,765 - watchfiles.main - INFO - 1 change detected
2025-10-20 17:54:18,120 - watchfiles.main - INFO - 1 change detected
2025-10-20 17:54:18,528 - watchfiles.main - INFO - 1 change detected
2025-10-20 17:54:18,936 - watchfiles.main - INFO - 1 change detected
2025-10-20 17:54:19,339 - watchfiles.main - INFO - 1 change detected
2025-10-20 17:54:19,749 - watchfiles.main - INFO - 1 change detected
2025-10-20 17:54:20,104 - watchfiles.main - INFO - 1 change detected
2025-10-20 17:54:20,515 - watchfiles.main - INFO - 1 change detected
2025-10-20 17:54:20,919 - watchfiles.main - INFO - 1 change detected
2025-10-20 17:54:21,325 - watchfiles.main - INFO - 1 change detected
2025-10-20 17:54:21,732 - watchfiles.main - INFO - 1 change detected
2025-10-20 17:54:22,138 - watchfiles.main - INFO - 1 change detected
2025-10-20 17:54:22,546 - watchfiles.main - INFO - 1 change detected
2025-10-20 17:54:22,951 - watchfiles.main - INFO - 1 change detected
2025-10-20 17:54:23,357 - watchfiles.main - INFO - 1 change detected
2025-10-20 17:54:23,764 - watchfiles.main - INFO - 1 change detected
2025-10-20 17:54:24,124 - watchfiles.main - INFO - 1 change detected
2025-10-20 17:54:24,529 - watchfiles.main - INFO - 1 change detected
2025-10-20 17:54:24,935 - watchfiles.main - INFO - 1 change detected
2025-10-20 17:54:25,341 - watchfiles.main - INFO - 1 change detected
2025-10-20 17:54:25,747 - watchfiles.main - INFO - 1 change detected
2025-10-20 17:54:26,154 - watchfiles.main - INFO - 1 change detected
2025-10-20 17:54:26,561 - watchfiles.main - INFO - 1 change detected
2025-10-20 17:54:26,970 - watchfiles.main - INFO - 1 change detected
2025-10-20 17:54:27,372 - watchfiles.main - INFO - 1 change detected
2025-10-20 17:54:27,780 - watchfiles.main - INFO - 1 change detected
2025-10-20 17:54:28,186 - watchfiles.main - INFO - 1 change detected
2025-10-20 17:54:28,592 - watchfiles.main - INFO - 1 change detected
2025-10-20 17:54:28,997 - watchfiles.main - INFO - 1 change detected
2025-10-20 17:54:29,354 - watchfiles.main - INFO - 1 change detected
2025-10-20 17:54:29,764 - watchfiles.main - INFO - 1 change detected
2025-10-20 17:54:30,170 - watchfiles.main - INFO - 1 change detected
2025-10-20 17:54:30,577 - watchfiles.main - INFO - 1 change detected
2025-10-20 17:54:30,983 - watchfiles.main - INFO - 1 change detected
2025-10-20 17:54:31,389 - watchfiles.main - INFO - 1 change detected
2025-10-20 17:54:31,794 - watchfiles.main - INFO - 1 change detected
2025-10-20 17:54:32,206 - watchfiles.main - INFO - 1 change detected
2025-10-20 17:54:32,623 - watchfiles.main - INFO - 1 change detected
2025-10-20 17:54:33,029 - watchfiles.main - INFO - 1 change detected
2025-10-20 17:54:33,435 - watchfiles.main - INFO - 1 change detected
2025-10-20 17:54:33,841 - watchfiles.main - INFO - 1 change detected
2025-10-20 17:54:34,247 - watchfiles.main - INFO - 1 change detected
2025-10-20 17:54:34,602 - watchfiles.main - INFO - 1 change detected
2025-10-20 17:54:35,013 - watchfiles.main - INFO - 1 change detected
2025-10-20 17:54:35,420 - watchfiles.main - INFO - 1 change detected
2025-10-20 17:54:35,830 - watchfiles.main - INFO - 1 change detected
2025-10-20 17:54:36,232 - watchfiles.main - INFO - 1 change detected
2025-10-20 17:54:36,636 - watchfiles.main - INFO - 1 change detected
2025-10-20 17:54:37,046 - watchfiles.main - INFO - 1 change detected
2025-10-20 17:54:37,450 - watchfiles.main - INFO - 1 change detected
2025-10-20 17:54:37,860 - watchfiles.main - INFO - 1 change detected
2025-10-20 17:54:38,214 - watchfiles.main - INFO - 1 change detected
2025-10-20 17:54:38,625 - watchfiles.main - INFO - 1 change detected
2025-10-20 17:54:39,030 - watchfiles.main - INFO - 1 change detected
2025-10-20 17:54:39,436 - watchfiles.main - INFO - 1 change detected
2025-10-20 17:54:39,841 - watchfiles.main - INFO - 1 change detected
2025-10-20 17:54:40,247 - watchfiles.main - INFO - 1 change detected
2025-10-20 17:54:40,655 - watchfiles.main - INFO - 1 change detected
2025-10-20 17:54:41,059 - watchfiles.main - INFO - 1 change detected
2025-10-20 17:54:41,416 - watchfiles.main - INFO - 1 change detected
2025-10-20 17:54:41,826 - watchfiles.main - INFO - 1 change detected
2025-10-20 17:54:42,233 - watchfiles.main - INFO - 1 change detected
2025-10-20 17:54:42,639 - watchfiles.main - INFO - 1 change detected
2025-10-20 17:54:43,045 - watchfiles.main - INFO - 1 change detected
2025-10-20 17:54:43,450 - watchfiles.main - INFO - 1 change detected
2025-10-20 17:54:43,858 - watchfiles.main - INFO - 1 change detected
2025-10-20 17:54:44,264 - watchfiles.main - INFO - 1 change detected
2025-10-20 17:54:44,671 - watchfiles.main - INFO - 1 change detected
2025-10-20 17:54:45,075 - watchfiles.main - INFO - 1 change detected
2025-10-20 17:54:45,482 - watchfiles.main - INFO - 1 change detected
2025-10-20 17:54:45,887 - watchfiles.main - INFO - 1 change detected
2025-10-20 17:54:46,294 - watchfiles.main - INFO - 1 change detected
2025-10-20 17:54:46,701 - watchfiles.main - INFO - 1 change detected
2025-10-20 17:54:47,108 - watchfiles.main - INFO - 1 change detected
2025-10-20 17:54:47,513 - watchfiles.main - INFO - 1 change detected
2025-10-20 17:54:47,920 - watchfiles.main - INFO - 1 change detected
2025-10-20 17:54:48,327 - watchfiles.main - INFO - 1 change detected
2025-10-20 17:54:48,737 - watchfiles.main - INFO - 1 change detected
2025-10-20 17:54:49,105 - watchfiles.main - INFO - 1 change detected
2025-10-20 17:54:49,514 - watchfiles.main - INFO - 1 change detected
2025-10-20 17:54:49,919 - watchfiles.main - INFO - 1 change detected
2025-10-20 17:54:50,325 - watchfiles.main - INFO - 1 change detected
2025-10-20 17:54:50,733 - watchfiles.main - INFO - 1 change detected
2025-10-20 17:54:51,139 - watchfiles.main - INFO - 1 change detected
2025-10-20 17:54:51,545 - watchfiles.main - INFO - 1 change detected
2025-10-20 17:54:51,951 - watchfiles.main - INFO - 1 change detected
2025-10-20 17:54:52,307 - watchfiles.main - INFO - 1 change detected
2025-10-20 17:54:52,718 - watchfiles.main - INFO - 1 change detected
2025-10-20 17:54:53,123 - watchfiles.main - INFO - 1 change detected
2025-10-20 17:54:53,529 - watchfiles.main - INFO - 1 change detected
2025-10-20 17:54:53,934 - watchfiles.main - INFO - 1 change detected
2025-10-20 17:54:54,342 - watchfiles.main - INFO - 1 change detected
2025-10-20 17:54:54,749 - watchfiles.main - INFO - 1 change detected
2025-10-20 17:54:55,154 - watchfiles.main - INFO - 1 change detected
2025-10-20 17:54:55,561 - watchfiles.main - INFO - 1 change detected
2025-10-20 17:54:55,966 - watchfiles.main - INFO - 1 change detected
2025-10-20 17:54:56,372 - watchfiles.main - INFO - 1 change detected
2025-10-20 17:54:56,780 - watchfiles.main - INFO - 1 change detected
2025-10-20 17:54:57,185 - watchfiles.main - INFO - 1 change detected
2025-10-20 17:54:57,591 - watchfiles.main - INFO - 1 change detected
2025-10-20 17:54:57,996 - watchfiles.main - INFO - 1 change detected
2025-10-20 17:54:58,404 - watchfiles.main - INFO - 1 change detected
2025-10-20 17:54:58,809 - watchfiles.main - INFO - 1 change detected
2025-10-20 17:54:59,216 - watchfiles.main - INFO - 1 change detected
2025-10-20 17:54:59,623 - watchfiles.main - INFO - 1 change detected
2025-10-20 17:55:00,030 - watchfiles.main - INFO - 1 change detected
2025-10-20 17:55:00,437 - watchfiles.main - INFO - 1 change detected
2025-10-20 17:55:00,840 - watchfiles.main - INFO - 1 change detected
2025-10-20 17:55:01,249 - watchfiles.main - INFO - 1 change detected
2025-10-20 17:55:01,653 - watchfiles.main - INFO - 1 change detected
2025-10-20 17:55:02,062 - watchfiles.main - INFO - 1 change detected
2025-10-20 17:55:02,467 - watchfiles.main - INFO - 1 change detected
2025-10-20 17:55:02,874 - watchfiles.main - INFO - 1 change detected
2025-10-20 17:55:03,229 - watchfiles.main - INFO - 1 change detected
2025-10-20 17:55:03,638 - watchfiles.main - INFO - 1 change detected
2025-10-20 17:55:04,049 - watchfiles.main - INFO - 1 change detected
2025-10-20 17:55:04,452 - watchfiles.main - INFO - 1 change detected
2025-10-20 17:55:04,864 - watchfiles.main - INFO - 1 change detected
2025-10-20 17:55:05,280 - watchfiles.main - INFO - 1 change detected
2025-10-20 17:55:05,686 - watchfiles.main - INFO - 1 change detected
2025-10-20 17:55:06,091 - watchfiles.main - INFO - 1 change detected
2025-10-20 17:55:06,447 - watchfiles.main - INFO - 1 change detected
2025-10-20 17:55:06,858 - watchfiles.main - INFO - 1 change detected
2025-10-20 17:55:07,265 - watchfiles.main - INFO - 1 change detected
2025-10-20 17:55:07,669 - watchfiles.main - INFO - 1 change detected
2025-10-20 17:55:08,074 - watchfiles.main - INFO - 1 change detected
2025-10-20 17:55:08,481 - watchfiles.main - INFO - 1 change detected
2025-10-20 17:55:08,889 - watchfiles.main - INFO - 1 change detected
2025-10-20 17:55:09,249 - watchfiles.main - INFO - 1 change detected
2025-10-20 17:55:09,655 - watchfiles.main - INFO - 1 change detected
2025-10-20 17:55:10,060 - watchfiles.main - INFO - 1 change detected
2025-10-20 17:55:10,465 - watchfiles.main - INFO - 1 change detected
2025-10-20 17:55:10,873 - watchfiles.main - INFO - 1 change detected
2025-10-20 17:55:11,279 - watchfiles.main - INFO - 1 change detected
2025-10-20 17:55:11,636 - watchfiles.main - INFO - 1 change detected
2025-10-20 17:55:12,045 - watchfiles.main - INFO - 1 change detected
2025-10-20 17:55:12,451 - watchfiles.main - INFO - 1 change detected
2025-10-20 17:55:12,857 - watchfiles.main - INFO - 1 change detected
2025-10-20 17:55:13,264 - watchfiles.main - INFO - 1 change detected
2025-10-20 17:55:13,670 - watchfiles.main - INFO - 1 change detected
2025-10-20 17:55:14,076 - watchfiles.main - INFO - 1 change detected
2025-10-20 17:55:14,486 - watchfiles.main - INFO - 1 change detected
2025-10-20 17:55:14,888 - watchfiles.main - INFO - 1 change detected
2025-10-20 17:55:15,295 - watchfiles.main - INFO - 1 change detected
2025-10-20 17:55:15,702 - watchfiles.main - INFO - 1 change detected
2025-10-20 17:55:16,106 - watchfiles.main - INFO - 1 change detected
2025-10-20 17:55:16,514 - watchfiles.main - INFO - 1 change detected
2025-10-20 17:55:16,920 - watchfiles.main - INFO - 1 change detected
2025-10-20 17:55:17,276 - watchfiles.main - INFO - 1 change detected
2025-10-20 17:55:17,685 - watchfiles.main - INFO - 1 change detected
2025-10-20 17:55:18,091 - watchfiles.main - INFO - 1 change detected
2025-10-20 17:55:18,499 - watchfiles.main - INFO - 1 change detected
2025-10-20 17:55:18,905 - watchfiles.main - INFO - 1 change detected
2025-10-20 17:55:19,311 - watchfiles.main - INFO - 1 change detected
2025-10-20 17:55:19,716 - watchfiles.main - INFO - 1 change detected
2025-10-20 17:55:20,123 - watchfiles.main - INFO - 1 change detected
2025-10-20 17:55:20,532 - watchfiles.main - INFO - 1 change detected
2025-10-20 17:55:20,936 - watchfiles.main - INFO - 1 change detected
2025-10-20 17:55:21,344 - watchfiles.main - INFO - 1 change detected
2025-10-20 17:55:21,749 - watchfiles.main - INFO - 1 change detected
2025-10-20 17:55:22,154 - watchfiles.main - INFO - 1 change detected
2025-10-20 17:55:22,561 - watchfiles.main - INFO - 1 change detected
2025-10-20 17:55:22,966 - watchfiles.main - INFO - 1 change detected
2025-10-20 17:55:23,373 - watchfiles.main - INFO - 1 change detected
2025-10-20 17:55:23,728 - watchfiles.main - INFO - 1 change detected
2025-10-20 17:55:24,138 - watchfiles.main - INFO - 1 change detected
2025-10-20 17:55:24,546 - watchfiles.main - INFO - 1 change detected
2025-10-20 17:55:24,952 - watchfiles.main - INFO - 1 change detected
2025-10-20 17:55:25,407 - watchfiles.main - INFO - 1 change detected
2025-10-20 17:55:25,812 - watchfiles.main - INFO - 1 change detected
2025-10-20 17:55:26,167 - watchfiles.main - INFO - 1 change detected
2025-10-20 17:55:26,578 - watchfiles.main - INFO - 1 change detected
2025-10-20 17:55:26,981 - watchfiles.main - INFO - 1 change detected
2025-10-20 17:55:27,388 - watchfiles.main - INFO - 1 change detected
2025-10-20 17:55:27,799 - watchfiles.main - INFO - 1 change detected
2025-10-20 17:55:28,215 - watchfiles.main - INFO - 1 change detected
2025-10-20 17:55:28,622 - watchfiles.main - INFO - 1 change detected
2025-10-20 17:55:29,030 - watchfiles.main - INFO - 1 change detected
2025-10-20 17:55:29,437 - watchfiles.main - INFO - 1 change detected
2025-10-20 17:55:29,841 - watchfiles.main - INFO - 1 change detected
2025-10-20 17:55:30,753 - watchfiles.main - INFO - 1 change detected
2025-10-20 17:55:31,104 - watchfiles.main - INFO - 1 change detected
2025-10-20 17:55:31,515 - watchfiles.main - INFO - 1 change detected
2025-10-20 17:55:31,921 - watchfiles.main - INFO - 1 change detected
2025-10-20 17:55:32,326 - watchfiles.main - INFO - 1 change detected
2025-10-20 17:55:32,733 - watchfiles.main - INFO - 1 change detected
2025-10-20 17:55:33,139 - watchfiles.main - INFO - 1 change detected
2025-10-20 17:55:33,495 - watchfiles.main - INFO - 1 change detected
2025-10-20 17:55:33,906 - watchfiles.main - INFO - 1 change detected
2025-10-20 17:55:34,310 - watchfiles.main - INFO - 1 change detected
2025-10-20 17:55:34,717 - watchfiles.main - INFO - 1 change detected
2025-10-20 17:55:35,122 - watchfiles.main - INFO - 1 change detected
2025-10-20 17:55:35,530 - watchfiles.main - INFO - 1 change detected
2025-10-20 17:55:35,935 - watchfiles.main - INFO - 1 change detected
2025-10-20 17:55:36,341 - watchfiles.main - INFO - 1 change detected
2025-10-20 17:55:36,747 - watchfiles.main - INFO - 1 change detected
2025-10-20 17:55:37,102 - watchfiles.main - INFO - 1 change detected
2025-10-20 17:55:37,515 - watchfiles.main - INFO - 1 change detected
2025-10-20 17:55:37,927 - watchfiles.main - INFO - 1 change detected
2025-10-20 17:55:38,332 - watchfiles.main - INFO - 1 change detected
2025-10-20 17:55:38,736 - watchfiles.main - INFO - 1 change detected
2025-10-20 17:55:39,141 - watchfiles.main - INFO - 1 change detected
2025-10-20 17:55:39,543 - watchfiles.main - INFO - 1 change detected
2025-10-20 17:55:39,946 - watchfiles.main - INFO - 1 change detected
2025-10-20 17:55:40,354 - watchfiles.main - INFO - 1 change detected
2025-10-20 17:55:40,761 - watchfiles.main - INFO - 1 change detected
2025-10-20 17:55:41,167 - watchfiles.main - INFO - 1 change detected
2025-10-20 17:55:41,572 - watchfiles.main - INFO - 1 change detected
2025-10-20 17:55:41,973 - watchfiles.main - INFO - 1 change detected
2025-10-20 17:55:42,378 - watchfiles.main - INFO - 1 change detected
2025-10-20 17:55:42,783 - watchfiles.main - INFO - 1 change detected
2025-10-20 17:55:43,186 - watchfiles.main - INFO - 1 change detected
2025-10-20 17:55:43,544 - watchfiles.main - INFO - 1 change detected
2025-10-20 17:55:43,951 - watchfiles.main - INFO - 1 change detected
2025-10-20 17:55:44,354 - watchfiles.main - INFO - 1 change detected
2025-10-20 17:55:44,761 - watchfiles.main - INFO - 1 change detected
2025-10-20 17:55:45,167 - watchfiles.main - INFO - 1 change detected
2025-10-20 17:55:45,571 - watchfiles.main - INFO - 1 change detected
2025-10-20 17:55:45,979 - watchfiles.main - INFO - 1 change detected
2025-10-20 17:55:46,337 - watchfiles.main - INFO - 1 change detected
2025-10-20 17:55:46,740 - watchfiles.main - INFO - 1 change detected
2025-10-20 17:55:47,143 - watchfiles.main - INFO - 1 change detected
2025-10-20 17:55:47,546 - watchfiles.main - INFO - 1 change detected
2025-10-20 17:55:48,055 - watchfiles.main - INFO - 1 change detected
2025-10-20 17:55:48,467 - watchfiles.main - INFO - 1 change detected
2025-10-20 17:55:48,873 - watchfiles.main - INFO - 1 change detected
2025-10-20 17:55:49,279 - watchfiles.main - INFO - 1 change detected
2025-10-20 17:55:49,685 - watchfiles.main - INFO - 1 change detected
2025-10-20 17:55:50,090 - watchfiles.main - INFO - 1 change detected
2025-10-20 17:55:50,498 - watchfiles.main - INFO - 1 change detected
2025-10-20 17:55:50,904 - watchfiles.main - INFO - 1 change detected
2025-10-20 17:55:51,309 - watchfiles.main - INFO - 1 change detected
2025-10-20 17:55:51,717 - watchfiles.main - INFO - 1 change detected
2025-10-20 17:55:52,124 - watchfiles.main - INFO - 1 change detected
2025-10-20 17:55:52,530 - watchfiles.main - INFO - 1 change detected
2025-10-20 17:55:52,884 - watchfiles.main - INFO - 1 change detected
2025-10-20 17:55:53,295 - watchfiles.main - INFO - 1 change detected
2025-10-20 17:55:53,699 - watchfiles.main - INFO - 1 change detected
2025-10-20 17:55:54,108 - watchfiles.main - INFO - 1 change detected
2025-10-20 17:55:54,514 - watchfiles.main - INFO - 1 change detected
2025-10-20 17:55:54,918 - watchfiles.main - INFO - 1 change detected
2025-10-20 17:55:55,325 - watchfiles.main - INFO - 1 change detected
2025-10-20 17:55:55,737 - watchfiles.main - INFO - 1 change detected
2025-10-20 17:55:56,139 - watchfiles.main - INFO - 1 change detected
2025-10-20 17:55:56,549 - watchfiles.main - INFO - 1 change detected
2025-10-20 17:55:56,915 - watchfiles.main - INFO - 1 change detected
2025-10-20 17:55:57,325 - watchfiles.main - INFO - 1 change detected
2025-10-20 17:55:57,732 - watchfiles.main - INFO - 1 change detected
2025-10-20 17:55:58,088 - watchfiles.main - INFO - 1 change detected
2025-10-20 17:55:58,499 - watchfiles.main - INFO - 1 change detected
2025-10-20 17:55:58,906 - watchfiles.main - INFO - 1 change detected
2025-10-20 17:55:59,311 - watchfiles.main - INFO - 1 change detected
2025-10-20 17:55:59,720 - watchfiles.main - INFO - 1 change detected
2025-10-20 17:56:00,122 - watchfiles.main - INFO - 1 change detected
2025-10-20 17:56:00,479 - watchfiles.main - INFO - 1 change detected
2025-10-20 17:56:00,889 - watchfiles.main - INFO - 1 change detected
2025-10-20 17:56:01,295 - watchfiles.main - INFO - 1 change detected
2025-10-20 17:56:01,702 - watchfiles.main - INFO - 1 change detected
2025-10-20 17:56:02,108 - watchfiles.main - INFO - 1 change detected
2025-10-20 17:56:02,514 - watchfiles.main - INFO - 1 change detected
2025-10-20 17:56:02,919 - watchfiles.main - INFO - 1 change detected
2025-10-20 17:56:03,329 - watchfiles.main - INFO - 1 change detected
2025-10-20 17:56:03,731 - watchfiles.main - INFO - 1 change detected
2025-10-20 17:56:04,137 - watchfiles.main - INFO - 1 change detected
2025-10-20 17:56:04,545 - watchfiles.main - INFO - 1 change detected
2025-10-20 17:56:04,952 - watchfiles.main - INFO - 1 change detected
2025-10-20 17:56:05,357 - watchfiles.main - INFO - 1 change detected
2025-10-20 17:56:05,763 - watchfiles.main - INFO - 1 change detected
2025-10-20 17:56:06,168 - watchfiles.main - INFO - 1 change detected
2025-10-20 17:56:06,576 - watchfiles.main - INFO - 1 change detected
2025-10-20 17:56:06,983 - watchfiles.main - INFO - 1 change detected
2025-10-20 17:56:07,389 - watchfiles.main - INFO - 1 change detected
2025-10-20 17:56:07,795 - watchfiles.main - INFO - 1 change detected
2025-10-20 17:56:08,202 - watchfiles.main - INFO - 1 change detected
2025-10-20 17:56:08,608 - watchfiles.main - INFO - 1 change detected
2025-10-20 17:56:09,013 - watchfiles.main - INFO - 1 change detected
2025-10-20 17:56:09,420 - watchfiles.main - INFO - 1 change detected
2025-10-20 17:56:09,826 - watchfiles.main - INFO - 1 change detected
2025-10-20 17:56:10,232 - watchfiles.main - INFO - 1 change detected
2025-10-20 17:56:10,637 - watchfiles.main - INFO - 1 change detected
2025-10-20 17:56:11,049 - watchfiles.main - INFO - 1 change detected
2025-10-20 17:56:11,452 - watchfiles.main - INFO - 1 change detected
2025-10-20 17:56:11,857 - watchfiles.main - INFO - 1 change detected
2025-10-20 17:56:12,264 - watchfiles.main - INFO - 1 change detected
2025-10-20 17:56:12,671 - watchfiles.main - INFO - 1 change detected
2025-10-20 17:56:13,074 - watchfiles.main - INFO - 1 change detected
2025-10-20 17:56:13,482 - watchfiles.main - INFO - 1 change detected
2025-10-20 17:56:13,889 - watchfiles.main - INFO - 1 change detected
2025-10-20 17:56:14,293 - watchfiles.main - INFO - 1 change detected
2025-10-20 17:56:14,701 - watchfiles.main - INFO - 1 change detected
2025-10-20 17:56:15,108 - watchfiles.main - INFO - 1 change detected
2025-10-20 17:56:15,513 - watchfiles.main - INFO - 1 change detected
2025-10-20 17:56:15,919 - watchfiles.main - INFO - 1 change detected
2025-10-20 17:56:16,325 - watchfiles.main - INFO - 1 change detected
2025-10-20 17:56:16,734 - watchfiles.main - INFO - 1 change detected
2025-10-20 17:56:17,087 - watchfiles.main - INFO - 1 change detected
2025-10-20 17:56:17,499 - watchfiles.main - INFO - 1 change detected
2025-10-20 17:56:17,904 - watchfiles.main - INFO - 1 change detected
2025-10-20 17:56:18,312 - watchfiles.main - INFO - 1 change detected
2025-10-20 17:56:18,716 - watchfiles.main - INFO - 1 change detected
2025-10-20 17:56:19,124 - watchfiles.main - INFO - 1 change detected
2025-10-20 17:56:19,528 - watchfiles.main - INFO - 1 change detected
2025-10-20 17:56:19,936 - watchfiles.main - INFO - 1 change detected
2025-10-20 17:56:20,341 - watchfiles.main - INFO - 1 change detected
2025-10-20 17:56:20,698 - watchfiles.main - INFO - 1 change detected
2025-10-20 17:56:21,107 - watchfiles.main - INFO - 1 change detected
2025-10-20 17:56:21,518 - watchfiles.main - INFO - 1 change detected
2025-10-20 17:56:21,923 - watchfiles.main - INFO - 1 change detected
2025-10-20 17:56:22,325 - watchfiles.main - INFO - 1 change detected
2025-10-20 17:56:22,734 - watchfiles.main - INFO - 1 change detected
2025-10-20 17:56:23,138 - watchfiles.main - INFO - 1 change detected
2025-10-20 17:56:23,545 - watchfiles.main - INFO - 1 change detected
2025-10-20 17:56:23,950 - watchfiles.main - INFO - 1 change detected
2025-10-20 17:56:24,356 - watchfiles.main - INFO - 1 change detected
2025-10-20 17:56:24,770 - watchfiles.main - INFO - 1 change detected
2025-10-20 17:56:25,135 - watchfiles.main - INFO - 1 change detected
2025-10-20 17:56:25,544 - watchfiles.main - INFO - 1 change detected
2025-10-20 17:56:25,951 - watchfiles.main - INFO - 1 change detected
2025-10-20 17:56:26,356 - watchfiles.main - INFO - 1 change detected
2025-10-20 17:56:26,764 - watchfiles.main - INFO - 1 change detected
2025-10-20 17:56:27,169 - watchfiles.main - INFO - 1 change detected
2025-10-20 17:56:27,576 - watchfiles.main - INFO - 1 change detected
2025-10-20 17:56:27,982 - watchfiles.main - INFO - 1 change detected
2025-10-20 17:56:28,389 - watchfiles.main - INFO - 1 change detected
2025-10-20 17:56:28,745 - watchfiles.main - INFO - 1 change detected
2025-10-20 17:56:29,153 - watchfiles.main - INFO - 1 change detected
2025-10-20 17:56:29,561 - watchfiles.main - INFO - 1 change detected
2025-10-20 17:56:29,969 - watchfiles.main - INFO - 1 change detected
2025-10-20 17:56:30,423 - watchfiles.main - INFO - 1 change detected
2025-10-20 17:56:30,826 - watchfiles.main - INFO - 1 change detected
2025-10-20 17:56:31,232 - watchfiles.main - INFO - 1 change detected
2025-10-20 17:56:31,640 - watchfiles.main - INFO - 1 change detected
2025-10-20 17:56:32,044 - watchfiles.main - INFO - 1 change detected
2025-10-20 17:56:32,399 - watchfiles.main - INFO - 1 change detected
2025-10-20 17:56:32,810 - watchfiles.main - INFO - 1 change detected
2025-10-20 17:56:33,216 - watchfiles.main - INFO - 1 change detected
2025-10-20 17:56:33,623 - watchfiles.main - INFO - 1 change detected
2025-10-20 17:56:34,029 - watchfiles.main - INFO - 1 change detected
2025-10-20 17:56:34,434 - watchfiles.main - INFO - 1 change detected
2025-10-20 17:56:34,844 - watchfiles.main - INFO - 1 change detected
2025-10-20 17:56:35,247 - watchfiles.main - INFO - 1 change detected
2025-10-20 17:56:35,653 - watchfiles.main - INFO - 1 change detected
2025-10-20 17:56:36,059 - watchfiles.main - INFO - 1 change detected
2025-10-20 17:56:36,468 - watchfiles.main - INFO - 1 change detected
2025-10-20 17:56:36,872 - watchfiles.main - INFO - 1 change detected
2025-10-20 17:56:37,278 - watchfiles.main - INFO - 1 change detected
2025-10-20 17:56:37,684 - watchfiles.main - INFO - 1 change detected
2025-10-20 17:56:38,041 - watchfiles.main - INFO - 1 change detected
2025-10-20 17:56:38,449 - watchfiles.main - INFO - 1 change detected
2025-10-20 17:56:38,857 - watchfiles.main - INFO - 1 change detected
2025-10-20 17:56:39,262 - watchfiles.main - INFO - 1 change detected
2025-10-20 17:56:39,670 - watchfiles.main - INFO - 1 change detected
2025-10-20 17:56:40,077 - watchfiles.main - INFO - 1 change detected
2025-10-20 17:56:40,483 - watchfiles.main - INFO - 1 change detected
2025-10-20 17:56:40,888 - watchfiles.main - INFO - 1 change detected
2025-10-20 17:56:41,293 - watchfiles.main - INFO - 1 change detected
2025-10-20 17:56:41,702 - watchfiles.main - INFO - 1 change detected
2025-10-20 17:56:42,107 - watchfiles.main - INFO - 1 change detected
2025-10-20 17:56:42,514 - watchfiles.main - INFO - 1 change detected
2025-10-20 17:56:42,870 - watchfiles.main - INFO - 1 change detected
2025-10-20 17:56:43,282 - watchfiles.main - INFO - 1 change detected
2025-10-20 17:56:43,792 - watchfiles.main - INFO - 1 change detected
2025-10-20 17:56:44,205 - watchfiles.main - INFO - 1 change detected
2025-10-20 17:56:44,620 - watchfiles.main - INFO - 1 change detected
2025-10-20 17:56:45,037 - watchfiles.main - INFO - 1 change detected
2025-10-20 17:56:45,400 - watchfiles.main - INFO - 1 change detected
2025-10-20 17:56:45,813 - watchfiles.main - INFO - 1 change detected
2025-10-20 17:56:46,216 - watchfiles.main - INFO - 1 change detected
2025-10-20 17:56:46,616 - watchfiles.main - INFO - 1 change detected
2025-10-20 17:56:47,025 - watchfiles.main - INFO - 1 change detected
2025-10-20 17:56:47,428 - watchfiles.main - INFO - 1 change detected
2025-10-20 17:56:47,835 - watchfiles.main - INFO - 1 change detected
2025-10-20 17:56:48,202 - watchfiles.main - INFO - 1 change detected
2025-10-20 17:56:48,618 - watchfiles.main - INFO - 1 change detected
2025-10-20 17:56:49,021 - watchfiles.main - INFO - 1 change detected
2025-10-20 17:56:49,387 - watchfiles.main - INFO - 1 change detected
2025-10-20 17:56:49,796 - watchfiles.main - INFO - 1 change detected
2025-10-20 17:56:50,203 - watchfiles.main - INFO - 1 change detected
2025-10-20 17:56:50,614 - watchfiles.main - INFO - 1 change detected
2025-10-20 17:56:51,030 - watchfiles.main - INFO - 1 change detected
2025-10-20 17:56:51,433 - watchfiles.main - INFO - 1 change detected
2025-10-20 17:56:51,838 - watchfiles.main - INFO - 1 change detected
2025-10-20 17:56:52,246 - watchfiles.main - INFO - 1 change detected
2025-10-20 17:56:52,657 - watchfiles.main - INFO - 1 change detected
2025-10-20 17:56:53,009 - watchfiles.main - INFO - 1 change detected
2025-10-20 17:56:53,413 - watchfiles.main - INFO - 1 change detected
2025-10-20 17:56:53,823 - watchfiles.main - INFO - 1 change detected
2025-10-20 17:56:54,227 - watchfiles.main - INFO - 1 change detected
2025-10-20 17:56:54,631 - watchfiles.main - INFO - 1 change detected
2025-10-20 17:56:55,036 - watchfiles.main - INFO - 1 change detected
2025-10-20 17:56:55,448 - watchfiles.main - INFO - 1 change detected
2025-10-20 17:56:55,849 - watchfiles.main - INFO - 1 change detected
2025-10-20 17:56:56,253 - watchfiles.main - INFO - 1 change detected
2025-10-20 17:56:56,661 - watchfiles.main - INFO - 1 change detected
2025-10-20 17:56:57,074 - watchfiles.main - INFO - 1 change detected
2025-10-20 17:56:57,429 - watchfiles.main - INFO - 1 change detected
2025-10-20 17:56:57,841 - watchfiles.main - INFO - 1 change detected
2025-10-20 17:56:58,243 - watchfiles.main - INFO - 1 change detected
2025-10-20 17:56:58,653 - watchfiles.main - INFO - 1 change detected
2025-10-20 17:56:59,069 - watchfiles.main - INFO - 1 change detected
2025-10-20 17:56:59,433 - watchfiles.main - INFO - 1 change detected
2025-10-20 17:56:59,841 - watchfiles.main - INFO - 1 change detected
2025-10-20 17:57:00,253 - watchfiles.main - INFO - 1 change detected
2025-10-20 17:57:00,616 - watchfiles.main - INFO - 1 change detected
2025-10-20 17:57:01,017 - watchfiles.main - INFO - 1 change detected
2025-10-20 17:57:01,431 - watchfiles.main - INFO - 1 change detected
2025-10-20 17:57:01,846 - watchfiles.main - INFO - 1 change detected
2025-10-20 17:57:02,211 - watchfiles.main - INFO - 1 change detected
2025-10-20 17:57:02,626 - watchfiles.main - INFO - 1 change detected
2025-10-20 17:57:03,043 - watchfiles.main - INFO - 1 change detected
2025-10-20 17:57:03,458 - watchfiles.main - INFO - 1 change detected
2025-10-20 17:57:03,873 - watchfiles.main - INFO - 1 change detected
2025-10-20 17:57:04,226 - watchfiles.main - INFO - 1 change detected
2025-10-20 17:57:04,635 - watchfiles.main - INFO - 1 change detected
2025-10-20 17:57:05,037 - watchfiles.main - INFO - 1 change detected
2025-10-20 17:57:05,451 - watchfiles.main - INFO - 1 change detected
2025-10-20 17:57:05,806 - watchfiles.main - INFO - 1 change detected
2025-10-20 17:57:06,263 - watchfiles.main - INFO - 1 change detected
2025-10-20 17:57:06,626 - watchfiles.main - INFO - 1 change detected
2025-10-20 17:57:07,028 - watchfiles.main - INFO - 1 change detected
2025-10-20 17:57:07,441 - watchfiles.main - INFO - 1 change detected
2025-10-20 17:57:07,857 - watchfiles.main - INFO - 1 change detected
2025-10-20 17:57:08,211 - watchfiles.main - INFO - 1 change detected
2025-10-20 17:57:08,673 - watchfiles.main - INFO - 1 change detected
2025-10-20 17:57:09,032 - watchfiles.main - INFO - 1 change detected
2025-10-20 17:57:09,440 - watchfiles.main - INFO - 1 change detected
2025-10-20 17:57:09,851 - watchfiles.main - INFO - 1 change detected
2025-10-20 17:57:10,264 - watchfiles.main - INFO - 1 change detected
2025-10-20 17:57:10,667 - watchfiles.main - INFO - 1 change detected
2025-10-20 17:57:11,080 - watchfiles.main - INFO - 1 change detected
2025-10-20 17:57:11,438 - watchfiles.main - INFO - 1 change detected
2025-10-20 17:57:11,846 - watchfiles.main - INFO - 1 change detected
2025-10-20 17:57:12,259 - watchfiles.main - INFO - 1 change detected
2025-10-20 17:57:12,661 - watchfiles.main - INFO - 1 change detected
2025-10-20 17:57:13,076 - watchfiles.main - INFO - 1 change detected
2025-10-20 17:57:13,439 - watchfiles.main - INFO - 1 change detected
2025-10-20 17:57:13,841 - watchfiles.main - INFO - 1 change detected
2025-10-20 17:57:14,242 - watchfiles.main - INFO - 1 change detected
2025-10-20 17:57:14,654 - watchfiles.main - INFO - 1 change detected
2025-10-20 17:57:15,064 - watchfiles.main - INFO - 1 change detected
2025-10-20 17:57:15,467 - watchfiles.main - INFO - 1 change detected
2025-10-20 17:57:15,882 - watchfiles.main - INFO - 1 change detected
2025-10-20 17:57:16,283 - watchfiles.main - INFO - 1 change detected
2025-10-20 17:57:16,694 - watchfiles.main - INFO - 1 change detected
2025-10-20 17:57:17,096 - watchfiles.main - INFO - 1 change detected
2025-10-20 17:57:17,509 - watchfiles.main - INFO - 1 change detected
2025-10-20 17:57:17,875 - watchfiles.main - INFO - 1 change detected
2025-10-20 17:57:18,284 - watchfiles.main - INFO - 1 change detected
2025-10-20 17:57:18,689 - watchfiles.main - INFO - 1 change detected
2025-10-20 17:57:19,053 - watchfiles.main - INFO - 1 change detected
2025-10-20 17:57:19,458 - watchfiles.main - INFO - 1 change detected
2025-10-20 17:57:19,873 - watchfiles.main - INFO - 1 change detected
2025-10-20 17:57:20,282 - watchfiles.main - INFO - 1 change detected
2025-10-20 17:57:20,696 - watchfiles.main - INFO - 1 change detected
2025-10-20 17:57:21,047 - watchfiles.main - INFO - 1 change detected
2025-10-20 17:57:21,460 - watchfiles.main - INFO - 1 change detected
2025-10-20 17:57:21,876 - watchfiles.main - INFO - 1 change detected
2025-10-20 17:57:22,291 - watchfiles.main - INFO - 1 change detected
2025-10-20 17:57:22,693 - watchfiles.main - INFO - 1 change detected
2025-10-20 17:57:23,056 - watchfiles.main - INFO - 1 change detected
2025-10-20 17:57:23,458 - watchfiles.main - INFO - 1 change detected
2025-10-20 17:57:23,870 - watchfiles.main - INFO - 1 change detected
2025-10-20 17:57:24,274 - watchfiles.main - INFO - 1 change detected
2025-10-20 17:57:24,684 - watchfiles.main - INFO - 1 change detected
2025-10-20 17:57:25,086 - watchfiles.main - INFO - 1 change detected
2025-10-20 17:57:25,497 - watchfiles.main - INFO - 1 change detected
2025-10-20 17:57:25,911 - watchfiles.main - INFO - 1 change detected
2025-10-20 17:57:26,314 - watchfiles.main - INFO - 1 change detected
2025-10-20 17:57:26,668 - watchfiles.main - INFO - 1 change detected
2025-10-20 17:57:27,128 - watchfiles.main - INFO - 1 change detected
2025-10-20 17:57:27,490 - watchfiles.main - INFO - 1 change detected
2025-10-20 17:57:27,892 - watchfiles.main - INFO - 1 change detected
2025-10-20 17:57:28,308 - watchfiles.main - INFO - 1 change detected
2025-10-20 17:57:28,723 - watchfiles.main - INFO - 1 change detected
2025-10-20 17:57:29,139 - watchfiles.main - INFO - 1 change detected
2025-10-20 17:57:29,498 - watchfiles.main - INFO - 1 change detected
2025-10-20 17:57:29,951 - watchfiles.main - INFO - 1 change detected
2025-10-20 17:57:30,352 - watchfiles.main - INFO - 1 change detected
2025-10-20 17:57:30,715 - watchfiles.main - INFO - 1 change detected
2025-10-20 17:57:31,131 - watchfiles.main - INFO - 1 change detected
2025-10-20 17:57:31,547 - watchfiles.main - INFO - 1 change detected
2025-10-20 17:57:31,963 - watchfiles.main - INFO - 1 change detected
2025-10-20 17:57:32,375 - watchfiles.main - INFO - 1 change detected
2025-10-20 17:57:32,776 - watchfiles.main - INFO - 1 change detected
2025-10-20 17:57:33,186 - watchfiles.main - INFO - 1 change detected
2025-10-20 17:57:33,540 - watchfiles.main - INFO - 1 change detected
2025-10-20 17:57:33,947 - watchfiles.main - INFO - 1 change detected
2025-10-20 17:57:34,355 - watchfiles.main - INFO - 1 change detected
2025-10-20 17:57:34,768 - watchfiles.main - INFO - 1 change detected
2025-10-20 17:57:35,183 - watchfiles.main - INFO - 1 change detected
2025-10-20 17:57:35,598 - watchfiles.main - INFO - 1 change detected
2025-10-20 17:57:36,011 - watchfiles.main - INFO - 1 change detected
2025-10-20 17:57:36,370 - watchfiles.main - INFO - 1 change detected
2025-10-20 17:57:36,779 - watchfiles.main - INFO - 1 change detected
2025-10-20 17:57:37,195 - watchfiles.main - INFO - 1 change detected
2025-10-20 17:57:37,607 - watchfiles.main - INFO - 1 change detected
2025-10-20 17:57:38,010 - watchfiles.main - INFO - 1 change detected
2025-10-20 17:57:38,370 - watchfiles.main - INFO - 1 change detected
2025-10-20 17:57:38,775 - watchfiles.main - INFO - 1 change detected
2025-10-20 17:57:39,184 - watchfiles.main - INFO - 1 change detected
2025-10-20 17:57:39,586 - watchfiles.main - INFO - 1 change detected
2025-10-20 17:57:40,000 - watchfiles.main - INFO - 1 change detected
2025-10-20 17:57:40,402 - watchfiles.main - INFO - 1 change detected
2025-10-20 17:57:40,814 - watchfiles.main - INFO - 1 change detected
2025-10-20 17:57:41,179 - watchfiles.main - INFO - 1 change detected
2025-10-20 17:57:41,594 - watchfiles.main - INFO - 1 change detected
2025-10-20 17:57:41,957 - watchfiles.main - INFO - 1 change detected
2025-10-20 17:57:42,359 - watchfiles.main - INFO - 1 change detected
2025-10-20 17:57:42,761 - watchfiles.main - INFO - 1 change detected
2025-10-20 17:57:43,174 - watchfiles.main - INFO - 1 change detected
2025-10-20 17:57:43,590 - watchfiles.main - INFO - 1 change detected
2025-10-20 17:57:44,004 - watchfiles.main - INFO - 1 change detected
2025-10-20 17:57:44,365 - watchfiles.main - INFO - 1 change detected
2025-10-20 17:57:44,767 - watchfiles.main - INFO - 1 change detected
2025-10-20 17:57:45,181 - watchfiles.main - INFO - 1 change detected
2025-10-20 17:57:45,583 - watchfiles.main - INFO - 1 change detected
2025-10-20 17:57:45,997 - watchfiles.main - INFO - 1 change detected
2025-10-20 17:57:46,363 - watchfiles.main - INFO - 1 change detected
2025-10-20 17:57:46,774 - watchfiles.main - INFO - 1 change detected
2025-10-20 17:57:47,178 - watchfiles.main - INFO - 1 change detected
2025-10-20 17:57:47,585 - watchfiles.main - INFO - 1 change detected
2025-10-20 17:57:47,942 - watchfiles.main - INFO - 1 change detected
2025-10-20 17:57:48,349 - watchfiles.main - INFO - 1 change detected
2025-10-20 17:57:48,754 - watchfiles.main - INFO - 1 change detected
2025-10-20 17:57:49,170 - watchfiles.main - INFO - 1 change detected
2025-10-20 17:57:49,587 - watchfiles.main - INFO - 1 change detected
2025-10-20 17:57:49,950 - watchfiles.main - INFO - 1 change detected
2025-10-20 17:57:50,367 - watchfiles.main - INFO - 1 change detected
2025-10-20 17:57:50,781 - watchfiles.main - INFO - 1 change detected
2025-10-20 17:57:51,197 - watchfiles.main - INFO - 1 change detected
2025-10-20 17:57:51,557 - watchfiles.main - INFO - 1 change detected
2025-10-20 17:57:51,960 - watchfiles.main - INFO - 1 change detected
2025-10-20 17:57:52,373 - watchfiles.main - INFO - 1 change detected
2025-10-20 17:57:52,726 - watchfiles.main - INFO - 1 change detected
2025-10-20 17:57:53,190 - watchfiles.main - INFO - 1 change detected
2025-10-20 17:57:53,555 - watchfiles.main - INFO - 1 change detected
2025-10-20 17:57:53,969 - watchfiles.main - INFO - 1 change detected
2025-10-20 17:57:54,371 - watchfiles.main - INFO - 1 change detected
2025-10-20 17:57:54,784 - watchfiles.main - INFO - 1 change detected
2025-10-20 17:57:55,200 - watchfiles.main - INFO - 1 change detected
2025-10-20 17:57:55,563 - watchfiles.main - INFO - 1 change detected
2025-10-20 17:57:55,965 - watchfiles.main - INFO - 1 change detected
2025-10-20 17:57:56,426 - watchfiles.main - INFO - 1 change detected
2025-10-20 17:57:56,792 - watchfiles.main - INFO - 1 change detected
2025-10-20 17:57:57,194 - watchfiles.main - INFO - 1 change detected
2025-10-20 17:57:57,654 - watchfiles.main - INFO - 1 change detected
2025-10-20 17:57:58,055 - watchfiles.main - INFO - 1 change detected
2025-10-20 17:57:58,407 - watchfiles.main - INFO - 1 change detected
2025-10-20 17:57:58,823 - watchfiles.main - INFO - 1 change detected
2025-10-20 17:57:59,238 - watchfiles.main - INFO - 1 change detected
2025-10-20 17:57:59,603 - watchfiles.main - INFO - 1 change detected
2025-10-20 17:58:00,018 - watchfiles.main - INFO - 1 change detected
2025-10-20 17:58:00,432 - watchfiles.main - INFO - 1 change detected
2025-10-20 17:58:00,848 - watchfiles.main - INFO - 1 change detected
2025-10-20 17:58:01,210 - watchfiles.main - INFO - 1 change detected
2025-10-20 17:58:01,613 - watchfiles.main - INFO - 1 change detected
2025-10-20 17:58:02,067 - watchfiles.main - INFO - 1 change detected
2025-10-20 17:58:02,417 - watchfiles.main - INFO - 1 change detected
2025-10-20 17:58:02,827 - watchfiles.main - INFO - 1 change detected
2025-10-20 17:58:03,237 - watchfiles.main - INFO - 1 change detected
2025-10-20 17:58:03,638 - watchfiles.main - INFO - 1 change detected
2025-10-20 17:58:04,051 - watchfiles.main - INFO - 1 change detected
2025-10-20 17:58:04,416 - watchfiles.main - INFO - 1 change detected
2025-10-20 17:58:04,819 - watchfiles.main - INFO - 1 change detected
2025-10-20 17:58:05,232 - watchfiles.main - INFO - 1 change detected
2025-10-20 17:58:05,634 - watchfiles.main - INFO - 1 change detected
2025-10-20 17:58:06,045 - watchfiles.main - INFO - 1 change detected
2025-10-20 17:58:06,448 - watchfiles.main - INFO - 1 change detected
2025-10-20 17:58:06,860 - watchfiles.main - INFO - 1 change detected
2025-10-20 17:58:07,211 - watchfiles.main - INFO - 1 change detected
2025-10-20 17:58:07,624 - watchfiles.main - INFO - 1 change detected
2025-10-20 17:58:08,035 - watchfiles.main - INFO - 1 change detected
2025-10-20 17:58:08,438 - watchfiles.main - INFO - 1 change detected
2025-10-20 17:58:08,804 - watchfiles.main - INFO - 1 change detected
2025-10-20 17:58:09,218 - watchfiles.main - INFO - 1 change detected
2025-10-20 17:58:09,620 - watchfiles.main - INFO - 1 change detected
2025-10-20 17:58:10,033 - watchfiles.main - INFO - 1 change detected
2025-10-20 17:58:10,448 - watchfiles.main - INFO - 1 change detected
2025-10-20 17:58:10,861 - watchfiles.main - INFO - 1 change detected
2025-10-20 17:58:11,263 - watchfiles.main - INFO - 1 change detected
2025-10-20 17:58:11,629 - watchfiles.main - INFO - 1 change detected
2025-10-20 17:58:12,040 - watchfiles.main - INFO - 1 change detected
2025-10-20 17:58:12,443 - watchfiles.main - INFO - 1 change detected
2025-10-20 17:58:12,803 - watchfiles.main - INFO - 1 change detected
2025-10-20 17:58:13,218 - watchfiles.main - INFO - 1 change detected
2025-10-20 17:58:13,623 - watchfiles.main - INFO - 1 change detected
2025-10-20 17:58:14,033 - watchfiles.main - INFO - 1 change detected
2025-10-20 17:58:14,399 - watchfiles.main - INFO - 1 change detected
2025-10-20 17:58:14,802 - watchfiles.main - INFO - 1 change detected
2025-10-20 17:58:15,216 - watchfiles.main - INFO - 1 change detected
2025-10-20 17:58:15,633 - watchfiles.main - INFO - 1 change detected
2025-10-20 17:58:15,994 - watchfiles.main - INFO - 1 change detected
2025-10-20 17:58:16,409 - watchfiles.main - INFO - 1 change detected
2025-10-20 17:58:16,812 - watchfiles.main - INFO - 1 change detected
2025-10-20 17:58:17,176 - watchfiles.main - INFO - 1 change detected
2025-10-20 17:58:17,592 - watchfiles.main - INFO - 1 change detected
2025-10-20 17:58:17,957 - watchfiles.main - INFO - 1 change detected
2025-10-20 17:58:18,372 - watchfiles.main - INFO - 1 change detected
2025-10-20 17:58:18,738 - watchfiles.main - INFO - 1 change detected
2025-10-20 17:58:19,153 - watchfiles.main - INFO - 1 change detected
2025-10-20 17:58:19,565 - watchfiles.main - INFO - 1 change detected
2025-10-20 17:58:19,917 - watchfiles.main - INFO - 1 change detected
2025-10-20 17:58:20,330 - watchfiles.main - INFO - 1 change detected
2025-10-20 17:58:20,739 - watchfiles.main - INFO - 1 change detected
2025-10-20 17:58:21,147 - watchfiles.main - INFO - 1 change detected
2025-10-20 17:58:21,563 - watchfiles.main - INFO - 1 change detected
2025-10-20 17:58:21,978 - watchfiles.main - INFO - 1 change detected
2025-10-20 17:58:22,339 - watchfiles.main - INFO - 1 change detected
2025-10-20 17:58:22,751 - watchfiles.main - INFO - 1 change detected
2025-10-20 17:58:23,155 - watchfiles.main - INFO - 1 change detected
2025-10-20 17:58:23,566 - watchfiles.main - INFO - 1 change detected
2025-10-20 17:58:23,921 - watchfiles.main - INFO - 1 change detected
2025-10-20 17:58:24,336 - watchfiles.main - INFO - 1 change detected
2025-10-20 17:58:24,740 - watchfiles.main - INFO - 1 change detected
2025-10-20 17:58:25,146 - watchfiles.main - INFO - 1 change detected
2025-10-20 17:58:25,562 - watchfiles.main - INFO - 1 change detected
2025-10-20 17:58:25,964 - watchfiles.main - INFO - 1 change detected
2025-10-20 17:58:26,330 - watchfiles.main - INFO - 1 change detected
2025-10-20 17:58:26,784 - watchfiles.main - INFO - 1 change detected
2025-10-20 17:58:27,144 - watchfiles.main - INFO - 1 change detected
2025-10-20 17:58:27,607 - watchfiles.main - INFO - 1 change detected
2025-10-20 17:58:27,969 - watchfiles.main - INFO - 1 change detected
2025-10-20 17:58:28,373 - watchfiles.main - INFO - 1 change detected
2025-10-20 17:58:28,789 - watchfiles.main - INFO - 1 change detected
2025-10-20 17:58:29,152 - watchfiles.main - INFO - 1 change detected
2025-10-20 17:58:29,568 - watchfiles.main - INFO - 1 change detected
2025-10-20 17:58:29,980 - watchfiles.main - INFO - 1 change detected
2025-10-20 17:58:30,393 - watchfiles.main - INFO - 1 change detected
2025-10-20 17:58:30,795 - watchfiles.main - INFO - 1 change detected
2025-10-20 17:58:31,147 - watchfiles.main - INFO - 1 change detected
2025-10-20 17:58:31,558 - watchfiles.main - INFO - 1 change detected
2025-10-20 17:58:31,960 - watchfiles.main - INFO - 1 change detected
2025-10-20 17:58:32,374 - watchfiles.main - INFO - 1 change detected
2025-10-20 17:58:32,782 - watchfiles.main - INFO - 1 change detected
2025-10-20 17:58:33,189 - watchfiles.main - INFO - 1 change detected
2025-10-20 17:58:33,601 - watchfiles.main - INFO - 1 change detected
2025-10-20 17:58:33,955 - watchfiles.main - INFO - 1 change detected
2025-10-20 17:58:34,369 - watchfiles.main - INFO - 1 change detected
2025-10-20 17:58:34,780 - watchfiles.main - INFO - 1 change detected
2025-10-20 17:58:35,194 - watchfiles.main - INFO - 1 change detected
2025-10-20 17:58:35,549 - watchfiles.main - INFO - 1 change detected
2025-10-20 17:58:36,011 - watchfiles.main - INFO - 1 change detected
2025-10-20 17:58:36,363 - watchfiles.main - INFO - 1 change detected
2025-10-20 17:58:36,768 - watchfiles.main - INFO - 1 change detected
2025-10-20 17:58:37,173 - watchfiles.main - INFO - 1 change detected
2025-10-20 17:58:37,587 - watchfiles.main - INFO - 1 change detected
2025-10-20 17:58:37,990 - watchfiles.main - INFO - 1 change detected
2025-10-20 17:58:38,404 - watchfiles.main - INFO - 1 change detected
2025-10-20 17:58:38,769 - watchfiles.main - INFO - 1 change detected
2025-10-20 17:58:39,183 - watchfiles.main - INFO - 1 change detected
2025-10-20 17:58:39,585 - watchfiles.main - INFO - 1 change detected
2025-10-20 17:58:39,997 - watchfiles.main - INFO - 1 change detected
2025-10-20 17:58:40,399 - watchfiles.main - INFO - 1 change detected
2025-10-20 17:58:40,814 - watchfiles.main - INFO - 1 change detected
2025-10-20 17:58:41,175 - watchfiles.main - INFO - 1 change detected
2025-10-20 17:58:41,591 - watchfiles.main - INFO - 1 change detected
2025-10-20 17:58:41,993 - watchfiles.main - INFO - 1 change detected
2025-10-20 17:58:42,352 - watchfiles.main - INFO - 1 change detected
2025-10-20 17:58:42,762 - watchfiles.main - INFO - 1 change detected
2025-10-20 17:58:43,172 - watchfiles.main - INFO - 1 change detected
2025-10-20 17:58:43,587 - watchfiles.main - INFO - 1 change detected
2025-10-20 17:58:43,946 - watchfiles.main - INFO - 1 change detected
2025-10-20 17:58:44,402 - watchfiles.main - INFO - 1 change detected
2025-10-20 17:58:44,766 - watchfiles.main - INFO - 1 change detected
2025-10-20 17:58:45,218 - watchfiles.main - INFO - 1 change detected
2025-10-20 17:58:45,579 - watchfiles.main - INFO - 1 change detected
2025-10-20 17:58:45,982 - watchfiles.main - INFO - 1 change detected
2025-10-20 17:58:46,391 - watchfiles.main - INFO - 1 change detected
2025-10-20 17:58:46,798 - watchfiles.main - INFO - 1 change detected
2025-10-20 17:58:47,206 - watchfiles.main - INFO - 1 change detected
2025-10-20 17:58:47,609 - watchfiles.main - INFO - 1 change detected
2025-10-20 17:58:48,023 - watchfiles.main - INFO - 1 change detected
2025-10-20 17:58:48,388 - watchfiles.main - INFO - 1 change detected
2025-10-20 17:58:48,804 - watchfiles.main - INFO - 1 change detected
2025-10-20 17:58:49,216 - watchfiles.main - INFO - 1 change detected
2025-10-20 17:58:49,619 - watchfiles.main - INFO - 1 change detected
2025-10-20 17:58:50,027 - watchfiles.main - INFO - 1 change detected
2025-10-20 17:58:50,430 - watchfiles.main - INFO - 1 change detected
2025-10-20 17:58:50,844 - watchfiles.main - INFO - 1 change detected
2025-10-20 17:58:51,260 - watchfiles.main - INFO - 1 change detected
2025-10-20 17:58:51,612 - watchfiles.main - INFO - 1 change detected
2025-10-20 17:58:52,022 - watchfiles.main - INFO - 1 change detected
2025-10-20 17:58:52,425 - watchfiles.main - INFO - 1 change detected
2025-10-20 17:58:52,830 - watchfiles.main - INFO - 1 change detected
2025-10-20 17:58:53,240 - watchfiles.main - INFO - 1 change detected
2025-10-20 17:58:53,654 - watchfiles.main - INFO - 1 change detected
2025-10-20 17:58:54,019 - watchfiles.main - INFO - 1 change detected
2025-10-20 17:58:54,432 - watchfiles.main - INFO - 1 change detected
2025-10-20 17:58:54,847 - watchfiles.main - INFO - 1 change detected
2025-10-20 17:58:55,249 - watchfiles.main - INFO - 1 change detected
2025-10-20 17:58:55,614 - watchfiles.main - INFO - 1 change detected
2025-10-20 17:58:56,029 - watchfiles.main - INFO - 1 change detected
2025-10-20 17:58:56,444 - watchfiles.main - INFO - 1 change detected
2025-10-20 17:58:56,859 - watchfiles.main - INFO - 1 change detected
2025-10-20 17:58:57,260 - watchfiles.main - INFO - 1 change detected
2025-10-20 17:58:57,674 - watchfiles.main - INFO - 1 change detected
2025-10-20 17:58:58,078 - watchfiles.main - INFO - 1 change detected
2025-10-20 17:58:58,486 - watchfiles.main - INFO - 1 change detected
2025-10-20 17:58:58,888 - watchfiles.main - INFO - 1 change detected
2025-10-20 17:58:59,253 - watchfiles.main - INFO - 1 change detected
2025-10-20 17:58:59,667 - watchfiles.main - INFO - 1 change detected
2025-10-20 17:59:00,084 - watchfiles.main - INFO - 1 change detected
2025-10-20 17:59:00,497 - watchfiles.main - INFO - 1 change detected
2025-10-20 17:59:00,910 - watchfiles.main - INFO - 1 change detected
2025-10-20 17:59:01,276 - watchfiles.main - INFO - 1 change detected
2025-10-20 17:59:01,677 - watchfiles.main - INFO - 1 change detected
2025-10-20 17:59:02,089 - watchfiles.main - INFO - 1 change detected
2025-10-20 17:59:02,492 - watchfiles.main - INFO - 1 change detected
2025-10-20 17:59:02,903 - watchfiles.main - INFO - 1 change detected
2025-10-20 17:59:03,306 - watchfiles.main - INFO - 1 change detected
2025-10-20 17:59:03,720 - watchfiles.main - INFO - 1 change detected
2025-10-20 17:59:04,134 - watchfiles.main - INFO - 1 change detected
2025-10-20 17:59:04,549 - watchfiles.main - INFO - 1 change detected
2025-10-20 17:59:04,914 - watchfiles.main - INFO - 1 change detected
2025-10-20 17:59:05,316 - watchfiles.main - INFO - 1 change detected
2025-10-20 17:59:05,722 - watchfiles.main - INFO - 1 change detected
2025-10-20 17:59:06,129 - watchfiles.main - INFO - 1 change detected
2025-10-20 17:59:06,494 - watchfiles.main - INFO - 1 change detected
2025-10-20 17:59:06,909 - watchfiles.main - INFO - 1 change detected
2025-10-20 17:59:07,325 - watchfiles.main - INFO - 1 change detected
2025-10-20 17:59:07,730 - watchfiles.main - INFO - 1 change detected
2025-10-20 17:59:08,138 - watchfiles.main - INFO - 1 change detected
2025-10-20 17:59:08,553 - watchfiles.main - INFO - 1 change detected
2025-10-20 17:59:08,966 - watchfiles.main - INFO - 1 change detected
2025-10-20 17:59:09,369 - watchfiles.main - INFO - 1 change detected
2025-10-20 17:59:09,732 - watchfiles.main - INFO - 1 change detected
2025-10-20 17:59:10,134 - watchfiles.main - INFO - 1 change detected
2025-10-20 17:59:10,547 - watchfiles.main - INFO - 1 change detected
2025-10-20 17:59:10,959 - watchfiles.main - INFO - 1 change detected
2025-10-20 17:59:11,362 - watchfiles.main - INFO - 1 change detected
2025-10-20 17:59:11,773 - watchfiles.main - INFO - 1 change detected
2025-10-20 17:59:12,136 - watchfiles.main - INFO - 1 change detected
2025-10-20 17:59:12,548 - watchfiles.main - INFO - 1 change detected
2025-10-20 17:59:12,957 - watchfiles.main - INFO - 1 change detected
2025-10-20 17:59:13,320 - watchfiles.main - INFO - 1 change detected
2025-10-20 17:59:13,737 - watchfiles.main - INFO - 1 change detected
2025-10-20 17:59:14,102 - watchfiles.main - INFO - 1 change detected
2025-10-20 17:59:14,515 - watchfiles.main - INFO - 1 change detected
2025-10-20 17:59:14,931 - watchfiles.main - INFO - 1 change detected
2025-10-20 17:59:15,345 - watchfiles.main - INFO - 1 change detected
2025-10-20 17:59:15,752 - watchfiles.main - INFO - 1 change detected
2025-10-20 17:59:16,161 - watchfiles.main - INFO - 1 change detected
2025-10-20 17:59:16,574 - watchfiles.main - INFO - 1 change detected
2025-10-20 17:59:16,938 - watchfiles.main - INFO - 1 change detected
2025-10-20 17:59:17,341 - watchfiles.main - INFO - 1 change detected
2025-10-20 17:59:17,754 - watchfiles.main - INFO - 1 change detected
2025-10-20 17:59:18,156 - watchfiles.main - INFO - 1 change detected
2025-10-20 17:59:18,521 - watchfiles.main - INFO - 1 change detected
2025-10-20 17:59:18,936 - watchfiles.main - INFO - 1 change detected
2025-10-20 17:59:19,349 - watchfiles.main - INFO - 1 change detected
2025-10-20 17:59:19,754 - watchfiles.main - INFO - 1 change detected
2025-10-20 17:59:20,164 - watchfiles.main - INFO - 1 change detected
2025-10-20 17:59:20,527 - watchfiles.main - INFO - 1 change detected
2025-10-20 17:59:20,929 - watchfiles.main - INFO - 1 change detected
2025-10-20 17:59:21,345 - watchfiles.main - INFO - 1 change detected
2025-10-20 17:59:21,757 - watchfiles.main - INFO - 1 change detected
2025-10-20 17:59:22,171 - watchfiles.main - INFO - 1 change detected
2025-10-20 17:59:22,574 - watchfiles.main - INFO - 1 change detected
2025-10-20 17:59:22,938 - watchfiles.main - INFO - 1 change detected
2025-10-20 17:59:23,353 - watchfiles.main - INFO - 1 change detected
2025-10-20 17:59:23,768 - watchfiles.main - INFO - 1 change detected
2025-10-20 17:59:24,169 - watchfiles.main - INFO - 1 change detected
2025-10-20 17:59:24,582 - watchfiles.main - INFO - 1 change detected
2025-10-20 17:59:24,933 - watchfiles.main - INFO - 1 change detected
2025-10-20 17:59:25,348 - watchfiles.main - INFO - 1 change detected
2025-10-20 17:59:25,762 - watchfiles.main - INFO - 1 change detected
2025-10-20 17:59:26,176 - watchfiles.main - INFO - 1 change detected
2025-10-20 17:59:26,577 - watchfiles.main - INFO - 1 change detected
2025-10-20 17:59:26,992 - watchfiles.main - INFO - 1 change detected
2025-10-20 17:59:27,347 - watchfiles.main - INFO - 1 change detected
2025-10-20 17:59:27,760 - watchfiles.main - INFO - 1 change detected
2025-10-20 17:59:28,169 - watchfiles.main - INFO - 1 change detected
2025-10-20 17:59:28,572 - watchfiles.main - INFO - 1 change detected
2025-10-20 17:59:28,980 - watchfiles.main - INFO - 1 change detected
2025-10-20 17:59:29,385 - watchfiles.main - INFO - 1 change detected
2025-10-20 17:59:29,799 - watchfiles.main - INFO - 1 change detected
2025-10-20 17:59:30,157 - watchfiles.main - INFO - 1 change detected
2025-10-20 17:59:30,563 - watchfiles.main - INFO - 1 change detected
2025-10-20 17:59:30,978 - watchfiles.main - INFO - 1 change detected
2025-10-20 17:59:31,344 - watchfiles.main - INFO - 1 change detected
2025-10-20 17:59:31,757 - watchfiles.main - INFO - 1 change detected
2025-10-20 17:59:32,160 - watchfiles.main - INFO - 1 change detected
2025-10-20 17:59:32,573 - watchfiles.main - INFO - 1 change detected
2025-10-20 17:59:32,985 - watchfiles.main - INFO - 1 change detected
2025-10-20 17:59:33,353 - watchfiles.main - INFO - 1 change detected
2025-10-20 17:59:33,761 - watchfiles.main - INFO - 1 change detected
2025-10-20 17:59:34,165 - watchfiles.main - INFO - 1 change detected
2025-10-20 17:59:34,567 - watchfiles.main - INFO - 1 change detected
2025-10-20 17:59:34,931 - watchfiles.main - INFO - 1 change detected
2025-10-20 17:59:35,343 - watchfiles.main - INFO - 1 change detected
2025-10-20 17:59:35,747 - watchfiles.main - INFO - 1 change detected
2025-10-20 17:59:36,162 - watchfiles.main - INFO - 1 change detected
2025-10-20 17:59:36,525 - watchfiles.main - INFO - 1 change detected
2025-10-20 17:59:36,939 - watchfiles.main - INFO - 1 change detected
2025-10-20 17:59:37,343 - watchfiles.main - INFO - 1 change detected
2025-10-20 17:59:37,695 - watchfiles.main - INFO - 1 change detected
2025-10-20 17:59:38,104 - watchfiles.main - INFO - 1 change detected
2025-10-20 17:59:38,521 - watchfiles.main - INFO - 1 change detected
2025-10-20 17:59:38,935 - watchfiles.main - INFO - 1 change detected
2025-10-20 17:59:39,298 - watchfiles.main - INFO - 1 change detected
2025-10-20 17:59:39,701 - watchfiles.main - INFO - 1 change detected
2025-10-20 17:59:40,108 - watchfiles.main - INFO - 1 change detected
2025-10-20 17:59:40,513 - watchfiles.main - INFO - 1 change detected
2025-10-20 17:59:40,928 - watchfiles.main - INFO - 1 change detected
2025-10-20 17:59:41,343 - watchfiles.main - INFO - 1 change detected
2025-10-20 17:59:41,700 - watchfiles.main - INFO - 1 change detected
2025-10-20 17:59:42,103 - watchfiles.main - INFO - 1 change detected
2025-10-20 17:59:42,507 - watchfiles.main - INFO - 1 change detected
2025-10-20 17:59:42,920 - watchfiles.main - INFO - 1 change detected
2025-10-20 17:59:43,336 - watchfiles.main - INFO - 1 change detected
2025-10-20 17:59:43,752 - watchfiles.main - INFO - 1 change detected
2025-10-20 17:59:44,168 - watchfiles.main - INFO - 1 change detected
2025-10-20 17:59:44,533 - watchfiles.main - INFO - 1 change detected
2025-10-20 17:59:44,948 - watchfiles.main - INFO - 1 change detected
2025-10-20 17:59:45,313 - watchfiles.main - INFO - 1 change detected
2025-10-20 17:59:45,727 - watchfiles.main - INFO - 1 change detected
2025-10-20 17:59:46,142 - watchfiles.main - INFO - 1 change detected
2025-10-20 17:59:46,544 - watchfiles.main - INFO - 1 change detected
2025-10-20 17:59:46,959 - watchfiles.main - INFO - 1 change detected
2025-10-20 17:59:47,374 - watchfiles.main - INFO - 1 change detected
2025-10-20 17:59:47,777 - watchfiles.main - INFO - 1 change detected
2025-10-20 17:59:48,188 - watchfiles.main - INFO - 1 change detected
2025-10-20 17:59:48,553 - watchfiles.main - INFO - 1 change detected
2025-10-20 17:59:48,967 - watchfiles.main - INFO - 1 change detected
2025-10-20 17:59:49,384 - watchfiles.main - INFO - 1 change detected
2025-10-20 17:59:49,747 - watchfiles.main - INFO - 1 change detected
2025-10-20 17:59:50,150 - watchfiles.main - INFO - 1 change detected
2025-10-20 17:59:50,564 - watchfiles.main - INFO - 1 change detected
2025-10-20 17:59:50,973 - watchfiles.main - INFO - 1 change detected
2025-10-20 17:59:51,378 - watchfiles.main - INFO - 1 change detected
2025-10-20 17:59:51,741 - watchfiles.main - INFO - 1 change detected
2025-10-20 17:59:52,157 - watchfiles.main - INFO - 1 change detected
2025-10-20 17:59:52,574 - watchfiles.main - INFO - 1 change detected
2025-10-20 17:59:52,987 - watchfiles.main - INFO - 1 change detected
2025-10-20 17:59:53,391 - watchfiles.main - INFO - 1 change detected
2025-10-20 17:59:53,800 - watchfiles.main - INFO - 1 change detected
2025-10-20 17:59:54,203 - watchfiles.main - INFO - 1 change detected
2025-10-20 17:59:54,618 - watchfiles.main - INFO - 1 change detected
2025-10-20 17:59:54,982 - watchfiles.main - INFO - 1 change detected
2025-10-20 17:59:55,386 - watchfiles.main - INFO - 1 change detected
2025-10-20 17:59:55,796 - watchfiles.main - INFO - 1 change detected
2025-10-20 17:59:56,160 - watchfiles.main - INFO - 1 change detected
2025-10-20 17:59:56,561 - watchfiles.main - INFO - 1 change detected
2025-10-20 17:59:56,977 - watchfiles.main - INFO - 1 change detected
2025-10-20 17:59:57,389 - watchfiles.main - INFO - 1 change detected
2025-10-20 17:59:57,791 - watchfiles.main - INFO - 1 change detected
2025-10-20 17:59:58,203 - watchfiles.main - INFO - 1 change detected
2025-10-20 17:59:58,605 - watchfiles.main - INFO - 1 change detected
2025-10-20 17:59:58,964 - watchfiles.main - INFO - 1 change detected
2025-10-20 17:59:59,365 - watchfiles.main - INFO - 1 change detected
2025-10-20 17:59:59,770 - watchfiles.main - INFO - 1 change detected
2025-10-20 18:00:00,182 - watchfiles.main - INFO - 1 change detected
2025-10-20 18:00:00,595 - watchfiles.main - INFO - 1 change detected
2025-10-20 18:00:00,959 - watchfiles.main - INFO - 1 change detected
2025-10-20 18:00:01,362 - watchfiles.main - INFO - 1 change detected
2025-10-20 18:00:01,775 - watchfiles.main - INFO - 1 change detected
2025-10-20 18:00:02,140 - watchfiles.main - INFO - 1 change detected
2025-10-20 18:00:02,555 - watchfiles.main - INFO - 1 change detected
2025-10-20 18:00:02,957 - watchfiles.main - INFO - 1 change detected
2025-10-20 18:00:03,371 - watchfiles.main - INFO - 1 change detected
2025-10-20 18:00:03,782 - watchfiles.main - INFO - 1 change detected
2025-10-20 18:00:04,184 - watchfiles.main - INFO - 1 change detected
2025-10-20 18:00:04,596 - watchfiles.main - INFO - 1 change detected
2025-10-20 18:00:05,000 - watchfiles.main - INFO - 1 change detected
2025-10-20 18:00:05,365 - watchfiles.main - INFO - 1 change detected
2025-10-20 18:00:05,779 - watchfiles.main - INFO - 1 change detected
2025-10-20 18:00:06,193 - watchfiles.main - INFO - 1 change detected
2025-10-20 18:00:06,560 - watchfiles.main - INFO - 1 change detected
2025-10-20 18:00:06,975 - watchfiles.main - INFO - 1 change detected
2025-10-20 18:00:07,387 - watchfiles.main - INFO - 1 change detected
2025-10-20 18:00:07,790 - watchfiles.main - INFO - 1 change detected
2025-10-20 18:00:08,152 - watchfiles.main - INFO - 1 change detected
2025-10-20 18:00:08,566 - watchfiles.main - INFO - 1 change detected
2025-10-20 18:00:08,969 - watchfiles.main - INFO - 1 change detected
2025-10-20 18:00:09,383 - watchfiles.main - INFO - 1 change detected
2025-10-20 18:00:09,796 - watchfiles.main - INFO - 1 change detected
2025-10-20 18:00:10,199 - watchfiles.main - INFO - 1 change detected
2025-10-20 18:00:10,559 - watchfiles.main - INFO - 1 change detected
2025-10-20 18:00:11,011 - watchfiles.main - INFO - 1 change detected
2025-10-20 18:00:11,364 - watchfiles.main - INFO - 1 change detected
2025-10-20 18:00:11,779 - watchfiles.main - INFO - 1 change detected
2025-10-20 18:00:12,189 - watchfiles.main - INFO - 1 change detected
2025-10-20 18:00:12,591 - watchfiles.main - INFO - 1 change detected
2025-10-20 18:00:13,001 - watchfiles.main - INFO - 1 change detected
2025-10-20 18:00:13,406 - watchfiles.main - INFO - 1 change detected
2025-10-20 18:00:13,819 - watchfiles.main - INFO - 1 change detected
2025-10-20 18:00:14,173 - watchfiles.main - INFO - 1 change detected
2025-10-20 18:00:14,583 - watchfiles.main - INFO - 1 change detected
2025-10-20 18:00:14,998 - watchfiles.main - INFO - 1 change detected
2025-10-20 18:00:15,407 - watchfiles.main - INFO - 1 change detected
2025-10-20 18:00:15,811 - watchfiles.main - INFO - 1 change detected
2025-10-20 18:00:16,177 - watchfiles.main - INFO - 1 change detected
2025-10-20 18:00:16,593 - watchfiles.main - INFO - 1 change detected
2025-10-20 18:00:17,007 - watchfiles.main - INFO - 1 change detected
2025-10-20 18:00:17,361 - watchfiles.main - INFO - 1 change detected
2025-10-20 18:00:17,815 - watchfiles.main - INFO - 1 change detected
2025-10-20 18:00:18,220 - watchfiles.main - INFO - 1 change detected
2025-10-20 18:00:18,635 - watchfiles.main - INFO - 1 change detected
2025-10-20 18:00:19,000 - watchfiles.main - INFO - 1 change detected
2025-10-20 18:00:19,403 - watchfiles.main - INFO - 1 change detected
2025-10-20 18:00:19,814 - watchfiles.main - INFO - 1 change detected
2025-10-20 18:00:20,216 - watchfiles.main - INFO - 1 change detected
2025-10-20 18:00:20,629 - watchfiles.main - INFO - 1 change detected
2025-10-20 18:00:21,045 - watchfiles.main - INFO - 1 change detected
2025-10-20 18:00:21,408 - watchfiles.main - INFO - 1 change detected
2025-10-20 18:00:21,818 - watchfiles.main - INFO - 1 change detected
2025-10-20 18:00:22,223 - watchfiles.main - INFO - 1 change detected
2025-10-20 18:00:22,639 - watchfiles.main - INFO - 1 change detected
2025-10-20 18:00:23,004 - watchfiles.main - INFO - 1 change detected
2025-10-20 18:00:23,409 - watchfiles.main - INFO - 1 change detected
2025-10-20 18:00:23,820 - watchfiles.main - INFO - 1 change detected
2025-10-20 18:00:24,235 - watchfiles.main - INFO - 1 change detected
2025-10-20 18:00:24,599 - watchfiles.main - INFO - 1 change detected
2025-10-20 18:00:25,014 - watchfiles.main - INFO - 1 change detected
2025-10-20 18:00:25,423 - watchfiles.main - INFO - 1 change detected
2025-10-20 18:00:25,829 - watchfiles.main - INFO - 1 change detected
2025-10-20 18:00:26,242 - watchfiles.main - INFO - 1 change detected
2025-10-20 18:00:26,606 - watchfiles.main - INFO - 1 change detected
2025-10-20 18:00:27,009 - watchfiles.main - INFO - 1 change detected
2025-10-20 18:00:27,411 - watchfiles.main - INFO - 1 change detected
2025-10-20 18:00:27,821 - watchfiles.main - INFO - 1 change detected
2025-10-20 18:00:28,237 - watchfiles.main - INFO - 1 change detected
2025-10-20 18:00:28,650 - watchfiles.main - INFO - 1 change detected
2025-10-20 18:00:29,013 - watchfiles.main - INFO - 1 change detected
2025-10-20 18:00:29,417 - watchfiles.main - INFO - 1 change detected
2025-10-20 18:00:29,827 - watchfiles.main - INFO - 1 change detected
2025-10-20 18:00:30,233 - watchfiles.main - INFO - 1 change detected
2025-10-20 18:00:30,646 - watchfiles.main - INFO - 1 change detected
2025-10-20 18:00:31,054 - watchfiles.main - INFO - 1 change detected
2025-10-20 18:00:31,411 - watchfiles.main - INFO - 1 change detected
2025-10-20 18:00:31,825 - watchfiles.main - INFO - 1 change detected
2025-10-20 18:00:32,237 - watchfiles.main - INFO - 1 change detected
2025-10-20 18:00:32,641 - watchfiles.main - INFO - 1 change detected
2025-10-20 18:00:33,002 - watchfiles.main - INFO - 1 change detected
2025-10-20 18:00:33,405 - watchfiles.main - INFO - 1 change detected
2025-10-20 18:00:33,822 - watchfiles.main - INFO - 1 change detected
2025-10-20 18:00:34,235 - watchfiles.main - INFO - 1 change detected
2025-10-20 18:00:34,650 - watchfiles.main - INFO - 1 change detected
2025-10-20 18:00:35,014 - watchfiles.main - INFO - 1 change detected
2025-10-20 18:00:35,422 - watchfiles.main - INFO - 1 change detected
2025-10-20 18:00:35,779 - watchfiles.main - INFO - 1 change detected
2025-10-20 18:00:36,193 - watchfiles.main - INFO - 1 change detected
2025-10-20 18:00:36,603 - watchfiles.main - INFO - 1 change detected
2025-10-20 18:00:37,009 - watchfiles.main - INFO - 1 change detected
2025-10-20 18:00:37,369 - watchfiles.main - INFO - 1 change detected
2025-10-20 18:00:37,773 - watchfiles.main - INFO - 1 change detected
2025-10-20 18:00:38,188 - watchfiles.main - INFO - 1 change detected
2025-10-20 18:00:38,602 - watchfiles.main - INFO - 1 change detected
2025-10-20 18:00:38,965 - watchfiles.main - INFO - 1 change detected
2025-10-20 18:00:39,368 - watchfiles.main - INFO - 1 change detected
2025-10-20 18:00:39,775 - watchfiles.main - INFO - 1 change detected
2025-10-20 18:00:40,180 - watchfiles.main - INFO - 1 change detected
2025-10-20 18:00:40,595 - watchfiles.main - INFO - 1 change detected
2025-10-20 18:00:41,005 - watchfiles.main - INFO - 1 change detected
2025-10-20 18:00:41,360 - watchfiles.main - INFO - 1 change detected
2025-10-20 18:00:41,772 - watchfiles.main - INFO - 1 change detected
2025-10-20 18:00:42,175 - watchfiles.main - INFO - 1 change detected
2025-10-20 18:00:42,586 - watchfiles.main - INFO - 1 change detected
2025-10-20 18:00:42,947 - watchfiles.main - INFO - 1 change detected
2025-10-20 18:00:43,351 - watchfiles.main - INFO - 1 change detected
2025-10-20 18:00:43,763 - watchfiles.main - INFO - 1 change detected
2025-10-20 18:00:44,165 - watchfiles.main - INFO - 1 change detected
2025-10-20 18:00:44,567 - watchfiles.main - INFO - 1 change detected
2025-10-20 18:00:44,981 - watchfiles.main - INFO - 1 change detected
2025-10-20 18:00:45,385 - watchfiles.main - INFO - 1 change detected
2025-10-20 18:00:45,794 - watchfiles.main - INFO - 1 change detected
2025-10-20 18:00:46,210 - watchfiles.main - INFO - 1 change detected
2025-10-20 18:00:46,625 - watchfiles.main - INFO - 1 change detected
2025-10-20 18:00:46,989 - watchfiles.main - INFO - 1 change detected
2025-10-20 18:00:47,404 - watchfiles.main - INFO - 1 change detected
2025-10-20 18:00:47,819 - watchfiles.main - INFO - 1 change detected
2025-10-20 18:00:48,221 - watchfiles.main - INFO - 1 change detected
2025-10-20 18:00:48,586 - watchfiles.main - INFO - 1 change detected
2025-10-20 18:00:49,000 - watchfiles.main - INFO - 1 change detected
2025-10-20 18:00:49,416 - watchfiles.main - INFO - 1 change detected
2025-10-20 18:00:49,831 - watchfiles.main - INFO - 1 change detected
2025-10-20 18:00:50,187 - watchfiles.main - INFO - 1 change detected
2025-10-20 18:00:50,592 - watchfiles.main - INFO - 1 change detected
2025-10-20 18:00:51,006 - watchfiles.main - INFO - 1 change detected
2025-10-20 18:00:51,360 - watchfiles.main - INFO - 1 change detected
2025-10-20 18:00:51,762 - watchfiles.main - INFO - 1 change detected
2025-10-20 18:00:52,174 - watchfiles.main - INFO - 1 change detected
2025-10-20 18:00:52,583 - watchfiles.main - INFO - 1 change detected
2025-10-20 18:00:52,987 - watchfiles.main - INFO - 1 change detected
2025-10-20 18:00:53,393 - watchfiles.main - INFO - 1 change detected
2025-10-20 18:00:53,807 - watchfiles.main - INFO - 1 change detected
2025-10-20 18:00:54,217 - watchfiles.main - INFO - 1 change detected
2025-10-20 18:00:54,572 - watchfiles.main - INFO - 1 change detected
2025-10-20 18:00:54,981 - watchfiles.main - INFO - 1 change detected
2025-10-20 18:00:55,396 - watchfiles.main - INFO - 1 change detected
2025-10-20 18:00:55,811 - watchfiles.main - INFO - 1 change detected
2025-10-20 18:00:56,165 - watchfiles.main - INFO - 1 change detected
2025-10-20 18:00:56,575 - watchfiles.main - INFO - 1 change detected
2025-10-20 18:00:56,989 - watchfiles.main - INFO - 1 change detected
2025-10-20 18:00:57,404 - watchfiles.main - INFO - 1 change detected
2025-10-20 18:00:57,820 - watchfiles.main - INFO - 1 change detected
2025-10-20 18:00:58,175 - watchfiles.main - INFO - 1 change detected
2025-10-20 18:00:58,586 - watchfiles.main - INFO - 1 change detected
2025-10-20 18:00:58,999 - watchfiles.main - INFO - 1 change detected
2025-10-20 18:00:59,410 - watchfiles.main - INFO - 1 change detected
2025-10-20 18:00:59,812 - watchfiles.main - INFO - 1 change detected
2025-10-20 18:01:00,226 - watchfiles.main - INFO - 1 change detected
2025-10-20 18:01:00,630 - watchfiles.main - INFO - 1 change detected
2025-10-20 18:01:01,043 - watchfiles.main - INFO - 1 change detected
2025-10-20 18:01:01,448 - watchfiles.main - INFO - 1 change detected
2025-10-20 18:01:01,857 - watchfiles.main - INFO - 1 change detected
2025-10-20 18:01:02,270 - watchfiles.main - INFO - 1 change detected
2025-10-20 18:01:02,672 - watchfiles.main - INFO - 1 change detected
2025-10-20 18:01:03,085 - watchfiles.main - INFO - 1 change detected
2025-10-20 18:01:03,487 - watchfiles.main - INFO - 1 change detected
2025-10-20 18:01:03,901 - watchfiles.main - INFO - 1 change detected
2025-10-20 18:01:04,265 - watchfiles.main - INFO - 1 change detected
2025-10-20 18:01:04,681 - watchfiles.main - INFO - 1 change detected
2025-10-20 18:01:05,097 - watchfiles.main - INFO - 1 change detected
2025-10-20 18:01:05,512 - watchfiles.main - INFO - 1 change detected
2025-10-20 18:01:05,872 - watchfiles.main - INFO - 1 change detected
2025-10-20 18:01:06,280 - watchfiles.main - INFO - 1 change detected
2025-10-20 18:01:06,689 - watchfiles.main - INFO - 1 change detected
2025-10-20 18:01:07,091 - watchfiles.main - INFO - 1 change detected
2025-10-20 18:01:07,504 - watchfiles.main - INFO - 1 change detected
2025-10-20 18:01:07,869 - watchfiles.main - INFO - 1 change detected
2025-10-20 18:01:08,283 - watchfiles.main - INFO - 1 change detected
2025-10-20 18:01:08,686 - watchfiles.main - INFO - 1 change detected
2025-10-20 18:01:09,099 - watchfiles.main - INFO - 1 change detected
2025-10-20 18:01:09,511 - watchfiles.main - INFO - 1 change detected
2025-10-20 18:01:09,914 - watchfiles.main - INFO - 1 change detected
2025-10-20 18:01:10,327 - watchfiles.main - INFO - 1 change detected
2025-10-20 18:01:10,730 - watchfiles.main - INFO - 1 change detected
2025-10-20 18:01:11,092 - watchfiles.main - INFO - 1 change detected
2025-10-20 18:01:11,508 - watchfiles.main - INFO - 1 change detected
2025-10-20 18:01:11,923 - watchfiles.main - INFO - 1 change detected
2025-10-20 18:01:12,332 - watchfiles.main - INFO - 1 change detected
2025-10-20 18:01:12,737 - watchfiles.main - INFO - 1 change detected
2025-10-20 18:01:13,153 - watchfiles.main - INFO - 1 change detected
2025-10-20 18:01:13,567 - watchfiles.main - INFO - 1 change detected
2025-10-20 18:01:13,919 - watchfiles.main - INFO - 1 change detected
2025-10-20 18:01:14,332 - watchfiles.main - INFO - 1 change detected
2025-10-20 18:01:14,736 - watchfiles.main - INFO - 1 change detected
2025-10-20 18:01:15,193 - watchfiles.main - INFO - 1 change detected
2025-10-20 18:01:15,545 - watchfiles.main - INFO - 1 change detected
2025-10-20 18:01:15,961 - watchfiles.main - INFO - 1 change detected
2025-10-20 18:01:16,375 - watchfiles.main - INFO - 1 change detected
2025-10-20 18:01:16,785 - watchfiles.main - INFO - 1 change detected
2025-10-20 18:01:17,138 - watchfiles.main - INFO - 1 change detected
2025-10-20 18:01:17,550 - watchfiles.main - INFO - 1 change detected
2025-10-20 18:01:17,955 - watchfiles.main - INFO - 1 change detected
2025-10-20 18:01:18,366 - watchfiles.main - INFO - 1 change detected
2025-10-20 18:01:18,769 - watchfiles.main - INFO - 1 change detected
2025-10-20 18:01:19,183 - watchfiles.main - INFO - 1 change detected
2025-10-20 18:01:19,591 - watchfiles.main - INFO - 1 change detected
2025-10-20 18:01:19,995 - watchfiles.main - INFO - 1 change detected
2025-10-20 18:01:20,346 - watchfiles.main - INFO - 1 change detected
2025-10-20 18:01:20,750 - watchfiles.main - INFO - 1 change detected
2025-10-20 18:01:21,159 - watchfiles.main - INFO - 1 change detected
2025-10-20 18:01:21,575 - watchfiles.main - INFO - 1 change detected
2025-10-20 18:01:21,938 - watchfiles.main - INFO - 1 change detected
2025-10-20 18:01:22,340 - watchfiles.main - INFO - 1 change detected
2025-10-20 18:01:22,743 - watchfiles.main - INFO - 1 change detected
2025-10-20 18:01:23,153 - watchfiles.main - INFO - 1 change detected
2025-10-20 18:01:23,568 - watchfiles.main - INFO - 1 change detected
2025-10-20 18:01:23,933 - watchfiles.main - INFO - 1 change detected
2025-10-20 18:01:24,350 - watchfiles.main - INFO - 1 change detected
2025-10-20 18:01:24,760 - watchfiles.main - INFO - 1 change detected
2025-10-20 18:01:25,176 - watchfiles.main - INFO - 1 change detected
2025-10-20 18:01:25,578 - watchfiles.main - INFO - 1 change detected
2025-10-20 18:01:25,943 - watchfiles.main - INFO - 1 change detected
2025-10-20 18:01:26,358 - watchfiles.main - INFO - 1 change detected
2025-10-20 18:01:26,759 - watchfiles.main - INFO - 1 change detected
2025-10-20 18:01:27,213 - watchfiles.main - INFO - 1 change detected
2025-10-20 18:01:27,620 - watchfiles.main - INFO - 1 change detected
2025-10-20 18:01:27,985 - watchfiles.main - INFO - 1 change detected
2025-10-20 18:01:28,386 - watchfiles.main - INFO - 1 change detected
2025-10-20 18:01:28,789 - watchfiles.main - INFO - 1 change detected
2025-10-20 18:01:29,204 - watchfiles.main - INFO - 1 change detected
2025-10-20 18:01:29,610 - watchfiles.main - INFO - 1 change detected
2025-10-20 18:01:30,023 - watchfiles.main - INFO - 1 change detected
2025-10-20 18:01:30,427 - watchfiles.main - INFO - 1 change detected
2025-10-20 18:01:30,843 - watchfiles.main - INFO - 1 change detected
2025-10-20 18:01:31,252 - watchfiles.main - INFO - 1 change detected
2025-10-20 18:01:31,657 - watchfiles.main - INFO - 1 change detected
2025-10-20 18:01:32,022 - watchfiles.main - INFO - 1 change detected
2025-10-20 18:01:32,437 - watchfiles.main - INFO - 1 change detected
2025-10-20 18:01:32,854 - watchfiles.main - INFO - 1 change detected
2025-10-20 18:01:33,269 - watchfiles.main - INFO - 1 change detected
2025-10-20 18:01:33,634 - watchfiles.main - INFO - 1 change detected
2025-10-20 18:01:34,050 - watchfiles.main - INFO - 1 change detected
2025-10-20 18:01:34,414 - watchfiles.main - INFO - 1 change detected
2025-10-20 18:01:34,830 - watchfiles.main - INFO - 1 change detected
2025-10-20 18:01:35,236 - watchfiles.main - INFO - 1 change detected
2025-10-20 18:01:35,639 - watchfiles.main - INFO - 1 change detected
2025-10-20 18:01:36,043 - watchfiles.main - INFO - 1 change detected
2025-10-20 18:01:36,457 - watchfiles.main - INFO - 1 change detected
2025-10-20 18:01:36,808 - watchfiles.main - INFO - 1 change detected
2025-10-20 18:01:37,223 - watchfiles.main - INFO - 1 change detected
2025-10-20 18:01:37,682 - watchfiles.main - INFO - 1 change detected
2025-10-20 18:01:38,086 - watchfiles.main - INFO - 1 change detected
2025-10-20 18:01:38,497 - watchfiles.main - INFO - 1 change detected
2025-10-20 18:01:38,900 - watchfiles.main - INFO - 1 change detected
2025-10-20 18:01:39,316 - watchfiles.main - INFO - 1 change detected
2025-10-20 18:01:39,720 - watchfiles.main - INFO - 1 change detected
2025-10-20 18:01:40,128 - watchfiles.main - INFO - 1 change detected
2025-10-20 18:01:40,479 - watchfiles.main - INFO - 1 change detected
2025-10-20 18:01:40,894 - watchfiles.main - INFO - 1 change detected
2025-10-20 18:01:41,260 - watchfiles.main - INFO - 1 change detected
2025-10-20 18:01:41,669 - watchfiles.main - INFO - 1 change detected
2025-10-20 18:01:42,073 - watchfiles.main - INFO - 1 change detected
2025-10-20 18:01:42,489 - watchfiles.main - INFO - 1 change detected
2025-10-20 18:01:42,851 - watchfiles.main - INFO - 1 change detected
2025-10-20 18:01:43,266 - watchfiles.main - INFO - 1 change detected
2025-10-20 18:01:43,667 - watchfiles.main - INFO - 1 change detected
2025-10-20 18:01:44,082 - watchfiles.main - INFO - 1 change detected
2025-10-20 18:01:44,447 - watchfiles.main - INFO - 1 change detected
2025-10-20 18:01:44,861 - watchfiles.main - INFO - 1 change detected
2025-10-20 18:01:45,277 - watchfiles.main - INFO - 1 change detected
2025-10-20 18:01:45,680 - watchfiles.main - INFO - 1 change detected
2025-10-20 18:01:46,043 - watchfiles.main - INFO - 1 change detected
2025-10-20 18:01:46,459 - watchfiles.main - INFO - 1 change detected
2025-10-20 18:01:46,871 - watchfiles.main - INFO - 1 change detected
2025-10-20 18:01:47,280 - watchfiles.main - INFO - 1 change detected
2025-10-20 18:01:47,687 - watchfiles.main - INFO - 1 change detected
2025-10-20 18:01:48,052 - watchfiles.main - INFO - 1 change detected
2025-10-20 18:01:48,468 - watchfiles.main - INFO - 1 change detected
2025-10-20 18:01:48,829 - watchfiles.main - INFO - 1 change detected
2025-10-20 18:01:49,235 - watchfiles.main - INFO - 1 change detected
2025-10-20 18:01:49,648 - watchfiles.main - INFO - 1 change detected
2025-10-20 18:01:50,062 - watchfiles.main - INFO - 1 change detected
2025-10-20 18:01:50,475 - watchfiles.main - INFO - 1 change detected
2025-10-20 18:01:50,891 - watchfiles.main - INFO - 1 change detected
2025-10-20 18:01:51,307 - watchfiles.main - INFO - 1 change detected
2025-10-20 18:01:51,673 - watchfiles.main - INFO - 1 change detected
2025-10-20 18:01:52,088 - watchfiles.main - INFO - 1 change detected
2025-10-20 18:01:52,502 - watchfiles.main - INFO - 1 change detected
2025-10-20 18:01:52,917 - watchfiles.main - INFO - 1 change detected
2025-10-20 18:01:53,319 - watchfiles.main - INFO - 1 change detected
2025-10-20 18:01:53,732 - watchfiles.main - INFO - 1 change detected
2025-10-20 18:01:54,098 - watchfiles.main - INFO - 1 change detected
2025-10-20 18:01:54,514 - watchfiles.main - INFO - 1 change detected
2025-10-20 18:01:54,928 - watchfiles.main - INFO - 1 change detected
2025-10-20 18:01:55,342 - watchfiles.main - INFO - 1 change detected
2025-10-20 18:01:55,699 - watchfiles.main - INFO - 1 change detected
2025-10-20 18:01:56,106 - watchfiles.main - INFO - 1 change detected
2025-10-20 18:01:56,515 - watchfiles.main - INFO - 1 change detected
2025-10-20 18:01:56,921 - watchfiles.main - INFO - 1 change detected
2025-10-20 18:01:57,332 - watchfiles.main - INFO - 1 change detected
2025-10-20 18:01:57,737 - watchfiles.main - INFO - 1 change detected
2025-10-20 18:01:58,100 - watchfiles.main - INFO - 1 change detected
2025-10-20 18:01:58,502 - watchfiles.main - INFO - 1 change detected
2025-10-20 18:01:58,917 - watchfiles.main - INFO - 1 change detected
2025-10-20 18:01:59,279 - watchfiles.main - INFO - 1 change detected
2025-10-20 18:01:59,681 - watchfiles.main - INFO - 1 change detected
2025-10-20 18:02:00,092 - watchfiles.main - INFO - 1 change detected
2025-10-20 18:02:00,506 - watchfiles.main - INFO - 1 change detected
2025-10-20 18:02:00,871 - watchfiles.main - INFO - 1 change detected
2025-10-20 18:02:01,272 - watchfiles.main - INFO - 1 change detected
2025-10-20 18:02:01,689 - watchfiles.main - INFO - 1 change detected
2025-10-20 18:02:02,091 - watchfiles.main - INFO - 1 change detected
2025-10-20 18:02:02,448 - watchfiles.main - INFO - 1 change detected
2025-10-20 18:02:02,854 - watchfiles.main - INFO - 1 change detected
2025-10-20 18:02:03,266 - watchfiles.main - INFO - 1 change detected
2025-10-20 18:02:03,667 - watchfiles.main - INFO - 1 change detected
2025-10-20 18:02:04,081 - watchfiles.main - INFO - 1 change detected
2025-10-20 18:02:04,446 - watchfiles.main - INFO - 1 change detected
2025-10-20 18:02:04,848 - watchfiles.main - INFO - 1 change detected
2025-10-20 18:02:05,262 - watchfiles.main - INFO - 1 change detected
2025-10-20 18:02:05,674 - watchfiles.main - INFO - 1 change detected
2025-10-20 18:02:06,038 - watchfiles.main - INFO - 1 change detected
2025-10-20 18:02:06,452 - watchfiles.main - INFO - 1 change detected
2025-10-20 18:02:06,855 - watchfiles.main - INFO - 1 change detected
2025-10-20 18:02:07,263 - watchfiles.main - INFO - 1 change detected
2025-10-20 18:02:07,670 - watchfiles.main - INFO - 1 change detected
2025-10-20 18:02:08,031 - watchfiles.main - INFO - 1 change detected
2025-10-20 18:02:08,433 - watchfiles.main - INFO - 1 change detected
2025-10-20 18:02:08,850 - watchfiles.main - INFO - 1 change detected
2025-10-20 18:02:09,266 - watchfiles.main - INFO - 1 change detected
2025-10-20 18:02:09,675 - watchfiles.main - INFO - 1 change detected
2025-10-20 18:02:10,091 - watchfiles.main - INFO - 1 change detected
2025-10-20 18:02:10,457 - watchfiles.main - INFO - 1 change detected
2025-10-20 18:02:10,860 - watchfiles.main - INFO - 1 change detected
2025-10-20 18:02:11,266 - watchfiles.main - INFO - 1 change detected
2025-10-20 18:02:11,675 - watchfiles.main - INFO - 1 change detected
2025-10-20 18:02:12,080 - watchfiles.main - INFO - 1 change detected
2025-10-20 18:02:12,486 - watchfiles.main - INFO - 1 change detected
2025-10-20 18:02:12,852 - watchfiles.main - INFO - 1 change detected
2025-10-20 18:02:13,268 - watchfiles.main - INFO - 1 change detected
2025-10-20 18:02:13,683 - watchfiles.main - INFO - 1 change detected
2025-10-20 18:02:14,091 - watchfiles.main - INFO - 1 change detected
2025-10-20 18:02:14,496 - watchfiles.main - INFO - 1 change detected
2025-10-20 18:02:14,898 - watchfiles.main - INFO - 1 change detected
2025-10-20 18:02:15,311 - watchfiles.main - INFO - 1 change detected
2025-10-20 18:02:15,676 - watchfiles.main - INFO - 1 change detected
2025-10-20 18:02:16,092 - watchfiles.main - INFO - 1 change detected
2025-10-20 18:02:16,507 - watchfiles.main - INFO - 1 change detected
2025-10-20 18:02:16,920 - watchfiles.main - INFO - 1 change detected
2025-10-20 18:02:17,322 - watchfiles.main - INFO - 1 change detected
2025-10-20 18:02:17,735 - watchfiles.main - INFO - 1 change detected
2025-10-20 18:02:18,136 - watchfiles.main - INFO - 1 change detected
2025-10-20 18:02:18,500 - watchfiles.main - INFO - 1 change detected
2025-10-20 18:02:18,915 - watchfiles.main - INFO - 1 change detected
2025-10-20 18:02:19,281 - watchfiles.main - INFO - 1 change detected
2025-10-20 18:02:19,697 - watchfiles.main - INFO - 1 change detected
2025-10-20 18:02:20,110 - watchfiles.main - INFO - 1 change detected
2025-10-20 18:02:20,511 - watchfiles.main - INFO - 1 change detected
2025-10-20 18:02:20,922 - watchfiles.main - INFO - 1 change detected
2025-10-20 18:02:21,276 - watchfiles.main - INFO - 1 change detected
2025-10-20 18:02:21,689 - watchfiles.main - INFO - 1 change detected
2025-10-20 18:02:22,104 - watchfiles.main - INFO - 1 change detected
2025-10-20 18:02:22,470 - watchfiles.main - INFO - 1 change detected
2025-10-20 18:02:22,884 - watchfiles.main - INFO - 1 change detected
2025-10-20 18:02:23,286 - watchfiles.main - INFO - 1 change detected
2025-10-20 18:02:23,639 - watchfiles.main - INFO - 1 change detected
2025-10-20 18:02:24,048 - watchfiles.main - INFO - 1 change detected
2025-10-20 18:02:24,465 - watchfiles.main - INFO - 1 change detected
2025-10-20 18:02:24,879 - watchfiles.main - INFO - 1 change detected
2025-10-20 18:02:25,247 - watchfiles.main - INFO - 1 change detected
2025-10-20 18:02:25,658 - watchfiles.main - INFO - 1 change detected
2025-10-20 18:02:26,070 - watchfiles.main - INFO - 1 change detected
2025-10-20 18:02:26,474 - watchfiles.main - INFO - 1 change detected
2025-10-20 18:02:26,840 - watchfiles.main - INFO - 1 change detected
2025-10-20 18:02:27,247 - watchfiles.main - INFO - 1 change detected
2025-10-20 18:02:27,653 - watchfiles.main - INFO - 1 change detected
2025-10-20 18:02:28,070 - watchfiles.main - INFO - 1 change detected
2025-10-20 18:02:28,485 - watchfiles.main - INFO - 1 change detected
2025-10-20 18:02:28,899 - watchfiles.main - INFO - 1 change detected
2025-10-20 18:02:29,262 - watchfiles.main - INFO - 1 change detected
2025-10-20 18:02:29,672 - watchfiles.main - INFO - 1 change detected
2025-10-20 18:02:30,078 - watchfiles.main - INFO - 1 change detected
2025-10-20 18:02:30,494 - watchfiles.main - INFO - 1 change detected
2025-10-20 18:02:30,857 - watchfiles.main - INFO - 1 change detected
2025-10-20 18:02:31,265 - watchfiles.main - INFO - 1 change detected
2025-10-20 18:02:31,670 - watchfiles.main - INFO - 1 change detected
2025-10-20 18:02:32,072 - watchfiles.main - INFO - 1 change detected
2025-10-20 18:02:32,487 - watchfiles.main - INFO - 1 change detected
2025-10-20 18:02:32,850 - watchfiles.main - INFO - 1 change detected
2025-10-20 18:02:33,266 - watchfiles.main - INFO - 1 change detected
2025-10-20 18:02:33,682 - watchfiles.main - INFO - 1 change detected
2025-10-20 18:02:34,048 - watchfiles.main - INFO - 1 change detected
2025-10-20 18:02:34,459 - watchfiles.main - INFO - 1 change detected
2025-10-20 18:02:34,862 - watchfiles.main - INFO - 1 change detected
2025-10-20 18:02:35,271 - watchfiles.main - INFO - 1 change detected
2025-10-20 18:02:35,626 - watchfiles.main - INFO - 1 change detected
2025-10-20 18:02:36,041 - watchfiles.main - INFO - 1 change detected
2025-10-20 18:02:36,457 - watchfiles.main - INFO - 1 change detected
2025-10-20 18:02:36,864 - watchfiles.main - INFO - 1 change detected
2025-10-20 18:02:37,272 - watchfiles.main - INFO - 1 change detected
2025-10-20 18:02:37,637 - watchfiles.main - INFO - 1 change detected
2025-10-20 18:02:38,051 - watchfiles.main - INFO - 1 change detected
2025-10-20 18:02:38,466 - watchfiles.main - INFO - 1 change detected
2025-10-20 18:02:38,831 - watchfiles.main - INFO - 1 change detected
2025-10-20 18:02:39,245 - watchfiles.main - INFO - 1 change detected
2025-10-20 18:02:39,647 - watchfiles.main - INFO - 1 change detected
2025-10-20 18:02:40,060 - watchfiles.main - INFO - 1 change detected
2025-10-20 18:02:40,474 - watchfiles.main - INFO - 1 change detected
2025-10-20 18:02:40,888 - watchfiles.main - INFO - 1 change detected
2025-10-20 18:02:41,290 - watchfiles.main - INFO - 1 change detected
2025-10-20 18:02:41,654 - watchfiles.main - INFO - 1 change detected
2025-10-20 18:02:42,070 - watchfiles.main - INFO - 1 change detected
2025-10-20 18:02:42,485 - watchfiles.main - INFO - 1 change detected
2025-10-20 18:02:42,849 - watchfiles.main - INFO - 1 change detected
2025-10-20 18:02:43,252 - watchfiles.main - INFO - 1 change detected
2025-10-20 18:02:43,666 - watchfiles.main - INFO - 1 change detected
2025-10-20 18:02:44,079 - watchfiles.main - INFO - 1 change detected
2025-10-20 18:02:44,495 - watchfiles.main - INFO - 1 change detected
2025-10-20 18:02:44,858 - watchfiles.main - INFO - 1 change detected
2025-10-20 18:02:45,262 - watchfiles.main - INFO - 1 change detected
2025-10-20 18:02:45,673 - watchfiles.main - INFO - 1 change detected
2025-10-20 18:02:46,076 - watchfiles.main - INFO - 1 change detected
2025-10-20 18:02:46,491 - watchfiles.main - INFO - 1 change detected
2025-10-20 18:02:46,901 - watchfiles.main - INFO - 1 change detected
2025-10-20 18:02:47,305 - watchfiles.main - INFO - 1 change detected
2025-10-20 18:02:47,715 - watchfiles.main - INFO - 1 change detected
2025-10-20 18:02:48,118 - watchfiles.main - INFO - 1 change detected
2025-10-20 18:02:48,484 - watchfiles.main - INFO - 1 change detected
2025-10-20 18:02:48,899 - watchfiles.main - INFO - 1 change detected
2025-10-20 18:02:49,314 - watchfiles.main - INFO - 1 change detected
2025-10-20 18:02:49,715 - watchfiles.main - INFO - 1 change detected
2025-10-20 18:02:50,076 - watchfiles.main - INFO - 1 change detected
2025-10-20 18:02:50,489 - watchfiles.main - INFO - 1 change detected
2025-10-20 18:02:50,891 - watchfiles.main - INFO - 1 change detected
2025-10-20 18:02:51,293 - watchfiles.main - INFO - 1 change detected
2025-10-20 18:02:51,704 - watchfiles.main - INFO - 1 change detected
2025-10-20 18:02:52,116 - watchfiles.main - INFO - 1 change detected
2025-10-20 18:02:52,481 - watchfiles.main - INFO - 1 change detected
2025-10-20 18:02:52,886 - watchfiles.main - INFO - 1 change detected
2025-10-20 18:02:53,296 - watchfiles.main - INFO - 1 change detected
2025-10-20 18:02:53,699 - watchfiles.main - INFO - 1 change detected
2025-10-20 18:02:54,112 - watchfiles.main - INFO - 1 change detected
2025-10-20 18:02:54,525 - watchfiles.main - INFO - 1 change detected
2025-10-20 18:02:54,929 - watchfiles.main - INFO - 1 change detected
2025-10-20 18:02:55,343 - watchfiles.main - INFO - 1 change detected
2025-10-20 18:02:55,749 - watchfiles.main - INFO - 1 change detected
2025-10-20 18:02:56,159 - watchfiles.main - INFO - 1 change detected
2025-10-20 18:02:56,568 - watchfiles.main - INFO - 1 change detected
2025-10-20 18:02:56,971 - watchfiles.main - INFO - 1 change detected
2025-10-20 18:02:57,386 - watchfiles.main - INFO - 1 change detected
2025-10-20 18:02:57,800 - watchfiles.main - INFO - 1 change detected
2025-10-20 18:02:58,151 - watchfiles.main - INFO - 1 change detected
2025-10-20 18:02:58,566 - watchfiles.main - INFO - 1 change detected
2025-10-20 18:02:58,980 - watchfiles.main - INFO - 1 change detected
2025-10-20 18:02:59,382 - watchfiles.main - INFO - 1 change detected
2025-10-20 18:02:59,789 - watchfiles.main - INFO - 1 change detected
2025-10-20 18:03:00,195 - watchfiles.main - INFO - 1 change detected
2025-10-20 18:03:00,609 - watchfiles.main - INFO - 1 change detected
2025-10-20 18:03:01,025 - watchfiles.main - INFO - 1 change detected
2025-10-20 18:03:01,429 - watchfiles.main - INFO - 1 change detected
2025-10-20 18:03:01,784 - watchfiles.main - INFO - 1 change detected
2025-10-20 18:03:02,189 - watchfiles.main - INFO - 1 change detected
2025-10-20 18:03:02,604 - watchfiles.main - INFO - 1 change detected
2025-10-20 18:03:02,967 - watchfiles.main - INFO - 1 change detected
2025-10-20 18:03:03,384 - watchfiles.main - INFO - 1 change detected
2025-10-20 18:03:03,798 - watchfiles.main - INFO - 1 change detected
2025-10-20 18:03:04,164 - watchfiles.main - INFO - 1 change detected
2025-10-20 18:03:04,578 - watchfiles.main - INFO - 1 change detected
2025-10-20 18:03:04,994 - watchfiles.main - INFO - 1 change detected
2025-10-20 18:03:05,357 - watchfiles.main - INFO - 1 change detected
2025-10-20 18:03:05,762 - watchfiles.main - INFO - 1 change detected
2025-10-20 18:03:06,173 - watchfiles.main - INFO - 1 change detected
2025-10-20 18:03:06,589 - watchfiles.main - INFO - 1 change detected
2025-10-20 18:03:06,955 - watchfiles.main - INFO - 1 change detected
2025-10-20 18:03:07,370 - watchfiles.main - INFO - 1 change detected
2025-10-20 18:03:07,785 - watchfiles.main - INFO - 1 change detected
2025-10-20 18:03:08,145 - watchfiles.main - INFO - 1 change detected
2025-10-20 18:03:08,546 - watchfiles.main - INFO - 1 change detected
2025-10-20 18:03:08,959 - watchfiles.main - INFO - 1 change detected
2025-10-20 18:03:09,361 - watchfiles.main - INFO - 1 change detected
2025-10-20 18:03:09,765 - watchfiles.main - INFO - 1 change detected
2025-10-20 18:03:10,177 - watchfiles.main - INFO - 1 change detected
2025-10-20 18:03:10,593 - watchfiles.main - INFO - 1 change detected
2025-10-20 18:03:11,001 - watchfiles.main - INFO - 1 change detected
2025-10-20 18:03:11,404 - watchfiles.main - INFO - 1 change detected
2025-10-20 18:03:11,806 - watchfiles.main - INFO - 1 change detected
2025-10-20 18:03:12,217 - watchfiles.main - INFO - 1 change detected
2025-10-20 18:03:12,570 - watchfiles.main - INFO - 1 change detected
2025-10-20 18:03:12,984 - watchfiles.main - INFO - 1 change detected
2025-10-20 18:03:13,387 - watchfiles.main - INFO - 1 change detected
2025-10-20 18:03:13,793 - watchfiles.main - INFO - 1 change detected
2025-10-20 18:03:14,147 - watchfiles.main - INFO - 1 change detected
2025-10-20 18:03:14,562 - watchfiles.main - INFO - 1 change detected
2025-10-20 18:03:14,977 - watchfiles.main - INFO - 1 change detected
2025-10-20 18:03:15,384 - watchfiles.main - INFO - 1 change detected
2025-10-20 18:03:15,794 - watchfiles.main - INFO - 1 change detected
2025-10-20 18:03:16,208 - watchfiles.main - INFO - 1 change detected
2025-10-20 18:03:16,623 - watchfiles.main - INFO - 1 change detected
2025-10-20 18:03:17,033 - watchfiles.main - INFO - 1 change detected
2025-10-20 18:03:17,389 - watchfiles.main - INFO - 1 change detected
2025-10-20 18:03:17,805 - watchfiles.main - INFO - 1 change detected
2025-10-20 18:03:18,216 - watchfiles.main - INFO - 1 change detected
2025-10-20 18:03:18,633 - watchfiles.main - INFO - 1 change detected
2025-10-20 18:03:19,047 - watchfiles.main - INFO - 1 change detected
2025-10-20 18:03:19,464 - watchfiles.main - INFO - 1 change detected
2025-10-20 18:03:19,827 - watchfiles.main - INFO - 1 change detected
2025-10-20 18:03:20,233 - watchfiles.main - INFO - 1 change detected
2025-10-20 18:03:20,643 - watchfiles.main - INFO - 1 change detected
2025-10-20 18:03:21,056 - watchfiles.main - INFO - 1 change detected
2025-10-20 18:03:21,421 - watchfiles.main - INFO - 1 change detected
2025-10-20 18:03:21,837 - watchfiles.main - INFO - 1 change detected
2025-10-20 18:03:22,253 - watchfiles.main - INFO - 1 change detected
2025-10-20 18:03:22,667 - watchfiles.main - INFO - 1 change detected
2025-10-20 18:03:23,082 - watchfiles.main - INFO - 1 change detected
2025-10-20 18:03:23,446 - watchfiles.main - INFO - 1 change detected
2025-10-20 18:03:23,860 - watchfiles.main - INFO - 1 change detected
2025-10-20 18:03:24,265 - watchfiles.main - INFO - 1 change detected
2025-10-20 18:03:24,627 - watchfiles.main - INFO - 1 change detected
2025-10-20 18:03:25,041 - watchfiles.main - INFO - 1 change detected
2025-10-20 18:03:25,453 - watchfiles.main - INFO - 1 change detected
2025-10-20 18:03:25,870 - watchfiles.main - INFO - 1 change detected
2025-10-20 18:03:26,282 - watchfiles.main - INFO - 1 change detected
2025-10-20 18:03:26,635 - watchfiles.main - INFO - 1 change detected
2025-10-20 18:03:27,038 - watchfiles.main - INFO - 1 change detected
2025-10-20 18:03:27,442 - watchfiles.main - INFO - 1 change detected
2025-10-20 18:03:27,800 - watchfiles.main - INFO - 1 change detected
2025-10-20 18:03:28,201 - watchfiles.main - INFO - 1 change detected
2025-10-20 18:03:28,614 - watchfiles.main - INFO - 1 change detected
2025-10-20 18:03:29,029 - watchfiles.main - INFO - 1 change detected
2025-10-20 18:03:29,390 - watchfiles.main - INFO - 1 change detected
2025-10-20 18:03:29,805 - watchfiles.main - INFO - 1 change detected
2025-10-20 18:03:30,208 - watchfiles.main - INFO - 1 change detected
2025-10-20 18:03:30,609 - watchfiles.main - INFO - 1 change detected
2025-10-20 18:03:30,973 - watchfiles.main - INFO - 1 change detected
2025-10-20 18:03:31,388 - watchfiles.main - INFO - 1 change detected
2025-10-20 18:03:31,792 - watchfiles.main - INFO - 1 change detected
2025-10-20 18:03:32,202 - watchfiles.main - INFO - 1 change detected
2025-10-20 18:03:32,620 - watchfiles.main - INFO - 1 change detected
2025-10-20 18:03:32,983 - watchfiles.main - INFO - 1 change detected
2025-10-20 18:03:33,387 - watchfiles.main - INFO - 1 change detected
2025-10-20 18:03:33,797 - watchfiles.main - INFO - 1 change detected
2025-10-20 18:03:34,212 - watchfiles.main - INFO - 1 change detected
2025-10-20 18:03:34,630 - watchfiles.main - INFO - 1 change detected
2025-10-20 18:03:34,991 - watchfiles.main - INFO - 1 change detected
2025-10-20 18:03:35,396 - watchfiles.main - INFO - 1 change detected
2025-10-20 18:03:35,804 - watchfiles.main - INFO - 1 change detected
2025-10-20 18:03:36,156 - watchfiles.main - INFO - 1 change detected
2025-10-20 18:03:36,564 - watchfiles.main - INFO - 1 change detected
2025-10-20 18:03:36,972 - watchfiles.main - INFO - 1 change detected
2025-10-20 18:03:37,386 - watchfiles.main - INFO - 1 change detected
2025-10-20 18:03:37,792 - watchfiles.main - INFO - 1 change detected
2025-10-20 18:03:38,199 - watchfiles.main - INFO - 1 change detected
2025-10-20 18:03:38,565 - watchfiles.main - INFO - 1 change detected
2025-10-20 18:03:38,980 - watchfiles.main - INFO - 1 change detected
2025-10-20 18:03:39,382 - watchfiles.main - INFO - 1 change detected
2025-10-20 18:03:39,795 - watchfiles.main - INFO - 1 change detected
2025-10-20 18:03:40,207 - watchfiles.main - INFO - 1 change detected
2025-10-20 18:03:40,623 - watchfiles.main - INFO - 1 change detected
2025-10-20 18:03:41,037 - watchfiles.main - INFO - 1 change detected
2025-10-20 18:03:41,441 - watchfiles.main - INFO - 1 change detected
2025-10-20 18:03:41,853 - watchfiles.main - INFO - 1 change detected
2025-10-20 18:03:42,217 - watchfiles.main - INFO - 1 change detected
2025-10-20 18:03:42,634 - watchfiles.main - INFO - 1 change detected
2025-10-20 18:03:43,046 - watchfiles.main - INFO - 1 change detected
2025-10-20 18:03:43,460 - watchfiles.main - INFO - 1 change detected
2025-10-20 18:03:43,864 - watchfiles.main - INFO - 1 change detected
2025-10-20 18:03:44,269 - watchfiles.main - INFO - 1 change detected
2025-10-20 18:03:44,628 - watchfiles.main - INFO - 1 change detected
2025-10-20 18:03:45,043 - watchfiles.main - INFO - 1 change detected
2025-10-20 18:03:45,456 - watchfiles.main - INFO - 1 change detected
2025-10-20 18:03:45,858 - watchfiles.main - INFO - 1 change detected
2025-10-20 18:03:46,269 - watchfiles.main - INFO - 1 change detected
2025-10-20 18:03:46,622 - watchfiles.main - INFO - 1 change detected
2025-10-20 18:03:47,036 - watchfiles.main - INFO - 1 change detected
2025-10-20 18:03:47,437 - watchfiles.main - INFO - 1 change detected
2025-10-20 18:03:47,850 - watchfiles.main - INFO - 1 change detected
2025-10-20 18:03:48,253 - watchfiles.main - INFO - 1 change detected
2025-10-20 18:03:48,615 - watchfiles.main - INFO - 1 change detected
2025-10-20 18:03:49,030 - watchfiles.main - INFO - 1 change detected
2025-10-20 18:03:49,446 - watchfiles.main - INFO - 1 change detected
2025-10-20 18:03:49,862 - watchfiles.main - INFO - 1 change detected
2025-10-20 18:03:50,222 - watchfiles.main - INFO - 1 change detected
2025-10-20 18:03:50,627 - watchfiles.main - INFO - 1 change detected
2025-10-20 18:03:51,042 - watchfiles.main - INFO - 1 change detected
2025-10-20 18:03:51,394 - watchfiles.main - INFO - 1 change detected
2025-10-20 18:03:51,804 - watchfiles.main - INFO - 1 change detected
2025-10-20 18:03:52,219 - watchfiles.main - INFO - 1 change detected
2025-10-20 18:03:52,634 - watchfiles.main - INFO - 1 change detected
2025-10-20 18:03:53,049 - watchfiles.main - INFO - 1 change detected
2025-10-20 18:03:53,464 - watchfiles.main - INFO - 1 change detected
2025-10-20 18:03:53,875 - watchfiles.main - INFO - 1 change detected
2025-10-20 18:03:54,279 - watchfiles.main - INFO - 1 change detected
2025-10-20 18:03:54,639 - watchfiles.main - INFO - 1 change detected
2025-10-20 18:03:55,044 - watchfiles.main - INFO - 1 change detected
2025-10-20 18:03:55,460 - watchfiles.main - INFO - 1 change detected
2025-10-20 18:03:55,824 - watchfiles.main - INFO - 1 change detected
2025-10-20 18:03:56,279 - watchfiles.main - INFO - 1 change detected
2025-10-20 18:03:56,681 - watchfiles.main - INFO - 1 change detected
2025-10-20 18:03:57,087 - watchfiles.main - INFO - 1 change detected
2025-10-20 18:03:57,501 - watchfiles.main - INFO - 1 change detected
2025-10-20 18:03:57,866 - watchfiles.main - INFO - 1 change detected
2025-10-20 18:03:58,275 - watchfiles.main - INFO - 1 change detected
2025-10-20 18:03:58,679 - watchfiles.main - INFO - 1 change detected
2025-10-20 18:03:59,094 - watchfiles.main - INFO - 1 change detected
2025-10-20 18:03:59,446 - watchfiles.main - INFO - 1 change detected
2025-10-20 18:03:59,908 - watchfiles.main - INFO - 1 change detected
2025-10-20 18:04:00,274 - watchfiles.main - INFO - 1 change detected
2025-10-20 18:04:00,680 - watchfiles.main - INFO - 1 change detected
2025-10-20 18:04:01,085 - watchfiles.main - INFO - 1 change detected
2025-10-20 18:04:01,490 - watchfiles.main - INFO - 1 change detected
2025-10-20 18:04:01,904 - watchfiles.main - INFO - 1 change detected
2025-10-20 18:04:02,267 - watchfiles.main - INFO - 1 change detected
2025-10-20 18:04:02,683 - watchfiles.main - INFO - 1 change detected
2025-10-20 18:04:03,099 - watchfiles.main - INFO - 1 change detected
2025-10-20 18:04:03,502 - watchfiles.main - INFO - 1 change detected
2025-10-20 18:04:03,915 - watchfiles.main - INFO - 1 change detected
2025-10-20 18:04:04,329 - watchfiles.main - INFO - 1 change detected
2025-10-20 18:04:04,691 - watchfiles.main - INFO - 1 change detected
2025-10-20 18:04:05,107 - watchfiles.main - INFO - 1 change detected
2025-10-20 18:04:05,510 - watchfiles.main - INFO - 1 change detected
2025-10-20 18:04:05,974 - watchfiles.main - INFO - 1 change detected
2025-10-20 18:04:06,389 - watchfiles.main - INFO - 1 change detected
2025-10-20 18:04:06,745 - watchfiles.main - INFO - 1 change detected
2025-10-20 18:04:07,154 - watchfiles.main - INFO - 1 change detected
2025-10-20 18:04:07,570 - watchfiles.main - INFO - 1 change detected
2025-10-20 18:04:07,984 - watchfiles.main - INFO - 1 change detected
2025-10-20 18:04:08,399 - watchfiles.main - INFO - 1 change detected
2025-10-20 18:04:08,764 - watchfiles.main - INFO - 1 change detected
2025-10-20 18:04:09,181 - watchfiles.main - INFO - 1 change detected
2025-10-20 18:04:09,587 - watchfiles.main - INFO - 1 change detected
2025-10-20 18:04:09,994 - watchfiles.main - INFO - 1 change detected
2025-10-20 18:04:10,402 - watchfiles.main - INFO - 1 change detected
2025-10-20 18:04:10,756 - watchfiles.main - INFO - 1 change detected
2025-10-20 18:04:11,157 - watchfiles.main - INFO - 1 change detected
2025-10-20 18:04:11,572 - watchfiles.main - INFO - 1 change detected
2025-10-20 18:04:11,985 - watchfiles.main - INFO - 1 change detected
2025-10-20 18:04:12,336 - watchfiles.main - INFO - 1 change detected
2025-10-20 18:04:12,751 - watchfiles.main - INFO - 1 change detected
2025-10-20 18:04:13,166 - watchfiles.main - INFO - 1 change detected
2025-10-20 18:04:13,579 - watchfiles.main - INFO - 1 change detected
2025-10-20 18:04:13,981 - watchfiles.main - INFO - 1 change detected
2025-10-20 18:04:14,395 - watchfiles.main - INFO - 1 change detected
2025-10-20 18:04:14,799 - watchfiles.main - INFO - 1 change detected
2025-10-20 18:04:15,160 - watchfiles.main - INFO - 1 change detected
2025-10-20 18:04:15,575 - watchfiles.main - INFO - 1 change detected
2025-10-20 18:04:15,976 - watchfiles.main - INFO - 1 change detected
2025-10-20 18:04:16,384 - watchfiles.main - INFO - 1 change detected
2025-10-20 18:04:16,787 - watchfiles.main - INFO - 1 change detected
2025-10-20 18:04:17,251 - watchfiles.main - INFO - 1 change detected
2025-10-20 18:04:17,617 - watchfiles.main - INFO - 1 change detected
2025-10-20 18:04:18,033 - watchfiles.main - INFO - 1 change detected
2025-10-20 18:04:18,440 - watchfiles.main - INFO - 1 change detected
2025-10-20 18:04:18,847 - watchfiles.main - INFO - 1 change detected
2025-10-20 18:04:19,199 - watchfiles.main - INFO - 1 change detected
2025-10-20 18:04:19,600 - watchfiles.main - INFO - 1 change detected
2025-10-20 18:04:20,008 - watchfiles.main - INFO - 1 change detected
2025-10-20 18:04:20,410 - watchfiles.main - INFO - 1 change detected
2025-10-20 18:04:20,823 - watchfiles.main - INFO - 1 change detected
2025-10-20 18:04:21,238 - watchfiles.main - INFO - 1 change detected
2025-10-20 18:04:21,603 - watchfiles.main - INFO - 1 change detected
2025-10-20 18:04:22,019 - watchfiles.main - INFO - 1 change detected
2025-10-20 18:04:22,384 - watchfiles.main - INFO - 1 change detected
2025-10-20 18:04:22,801 - watchfiles.main - INFO - 1 change detected
2025-10-20 18:04:23,216 - watchfiles.main - INFO - 1 change detected
2025-10-20 18:04:23,630 - watchfiles.main - INFO - 1 change detected
2025-10-20 18:04:24,045 - watchfiles.main - INFO - 1 change detected
2025-10-20 18:04:24,459 - watchfiles.main - INFO - 1 change detected
2025-10-20 18:04:24,860 - watchfiles.main - INFO - 1 change detected
2025-10-20 18:04:25,225 - watchfiles.main - INFO - 1 change detected
2025-10-20 18:04:25,634 - watchfiles.main - INFO - 1 change detected
2025-10-20 18:04:26,040 - watchfiles.main - INFO - 1 change detected
2025-10-20 18:04:26,456 - watchfiles.main - INFO - 1 change detected
2025-10-20 18:04:26,870 - watchfiles.main - INFO - 1 change detected
2025-10-20 18:04:27,283 - watchfiles.main - INFO - 1 change detected
2025-10-20 18:04:27,685 - watchfiles.main - INFO - 1 change detected
2025-10-20 18:04:28,095 - watchfiles.main - INFO - 1 change detected
2025-10-20 18:04:28,448 - watchfiles.main - INFO - 1 change detected
2025-10-20 18:04:28,856 - watchfiles.main - INFO - 1 change detected
2025-10-20 18:04:29,262 - watchfiles.main - INFO - 1 change detected
2025-10-20 18:04:29,675 - watchfiles.main - INFO - 1 change detected
2025-10-20 18:04:30,078 - watchfiles.main - INFO - 1 change detected
2025-10-20 18:04:30,490 - watchfiles.main - INFO - 1 change detected
2025-10-20 18:04:30,855 - watchfiles.main - INFO - 1 change detected
2025-10-20 18:04:31,273 - watchfiles.main - INFO - 1 change detected
2025-10-20 18:04:31,673 - watchfiles.main - INFO - 1 change detected
2025-10-20 18:04:32,028 - watchfiles.main - INFO - 1 change detected
2025-10-20 18:04:32,485 - watchfiles.main - INFO - 1 change detected
2025-10-20 18:04:32,851 - watchfiles.main - INFO - 1 change detected
2025-10-20 18:04:33,264 - watchfiles.main - INFO - 1 change detected
2025-10-20 18:04:33,679 - watchfiles.main - INFO - 1 change detected
2025-10-20 18:04:34,081 - watchfiles.main - INFO - 1 change detected
2025-10-20 18:04:34,443 - watchfiles.main - INFO - 1 change detected
2025-10-20 18:04:34,860 - watchfiles.main - INFO - 1 change detected
2025-10-20 18:04:35,275 - watchfiles.main - INFO - 1 change detected
2025-10-20 18:04:35,689 - watchfiles.main - INFO - 1 change detected
2025-10-20 18:04:36,052 - watchfiles.main - INFO - 1 change detected
2025-10-20 18:04:36,456 - watchfiles.main - INFO - 1 change detected
2025-10-20 18:04:36,868 - watchfiles.main - INFO - 1 change detected
2025-10-20 18:04:37,270 - watchfiles.main - INFO - 1 change detected
2025-10-20 18:04:37,674 - watchfiles.main - INFO - 1 change detected
2025-10-20 18:04:38,080 - watchfiles.main - INFO - 1 change detected
2025-10-20 18:04:38,483 - watchfiles.main - INFO - 1 change detected
2025-10-20 18:04:38,894 - watchfiles.main - INFO - 1 change detected
2025-10-20 18:04:39,296 - watchfiles.main - INFO - 1 change detected
2025-10-20 18:04:39,648 - watchfiles.main - INFO - 1 change detected
2025-10-20 18:04:40,061 - watchfiles.main - INFO - 1 change detected
2025-10-20 18:04:40,463 - watchfiles.main - INFO - 1 change detected
2025-10-20 18:04:40,871 - watchfiles.main - INFO - 1 change detected
2025-10-20 18:04:41,278 - watchfiles.main - INFO - 1 change detected
2025-10-20 18:04:41,691 - watchfiles.main - INFO - 1 change detected
2025-10-20 18:04:42,052 - watchfiles.main - INFO - 1 change detected
2025-10-20 18:04:42,468 - watchfiles.main - INFO - 1 change detected
2025-10-20 18:04:42,884 - watchfiles.main - INFO - 1 change detected
2025-10-20 18:04:43,298 - watchfiles.main - INFO - 1 change detected
2025-10-20 18:04:43,664 - watchfiles.main - INFO - 1 change detected
2025-10-20 18:09:48,706 - routers.auth - ERROR - Login error: 'str' object has no attribute 'value'
2025-10-20 18:11:13,919 - watchfiles.main - INFO - 1 change detected
2025-10-20 18:11:34,952 - main - INFO - Shutting down application...
2025-10-20 18:13:20,184 - main - INFO - Starting Kynora E-Commerce v1.0.0
2025-10-20 18:13:20,184 - main - INFO - Environment: development
2025-10-20 18:13:20,184 - main - INFO - Debug mode: True
2025-10-20 18:16:50,665 - utils.auth - ERROR - JWT verification failed: The specified alg value is not allowed
2025-10-20 18:18:30,182 - config.firebase - ERROR - Failed to create user: The user with the provided email already exists (EMAIL_EXISTS).
2025-10-20 18:18:30,182 - routers.auth - ERROR - Firebase Auth error: Failed to create user: The user with the provided email already exists (EMAIL_EXISTS).
2025-10-20 18:19:09,896 - routers.auth - ERROR - Login error: 'str' object has no attribute 'value'
2025-10-20 18:19:39,411 - utils.auth - ERROR - JWT verification failed: The specified alg value is not allowed
2025-10-20 18:19:39,412 - routers.auth - ERROR - Token refresh error: 401: Could not validate credentials
2025-10-20 18:19:48,135 - utils.auth - ERROR - JWT verification failed: The specified alg value is not allowed
2025-10-20 18:21:06,748 - watchfiles.main - INFO - 1 change detected
2025-10-20 18:21:47,923 - watchfiles.main - INFO - 1 change detected
2025-10-20 18:23:17,553 - utils.auth - ERROR - JWT verification failed: The specified alg value is not allowed
2025-10-20 18:23:17,554 - routers.auth - ERROR - Token refresh error: 401: Could not validate credentials
2025-10-20 18:23:57,137 - utils.auth - ERROR - JWT verification failed: The specified alg value is not allowed
2025-10-20 18:29:30,465 - watchfiles.main - INFO - 2 changes detected
2025-10-20 18:32:22,907 - main - INFO - Shutting down application...
2025-10-20 18:32:23,436 - watchfiles.main - INFO - 7 changes detected
2025-10-20 18:32:24,256 - main - INFO - Starting Kynora E-Commerce v1.0.0
2025-10-20 18:32:24,256 - main - INFO - Environment: development
2025-10-20 18:32:24,256 - main - INFO - Debug mode: True
2025-10-20 18:32:24,256 - watchfiles.main - INFO - 1 change detected
2025-10-20 18:32:24,615 - watchfiles.main - INFO - 1 change detected
2025-10-20 18:32:25,032 - watchfiles.main - INFO - 1 change detected
2025-10-20 18:32:25,489 - watchfiles.main - INFO - 1 change detected
2025-10-20 18:32:25,846 - watchfiles.main - INFO - 1 change detected
2025-10-20 18:32:26,263 - watchfiles.main - INFO - 1 change detected
2025-10-20 18:32:26,672 - watchfiles.main - INFO - 1 change detected
2025-10-20 18:32:27,078 - watchfiles.main - INFO - 1 change detected
2025-10-20 18:32:27,486 - watchfiles.main - INFO - 1 change detected
2025-10-20 18:32:27,839 - watchfiles.main - INFO - 1 change detected
2025-10-20 18:32:28,254 - watchfiles.main - INFO - 1 change detected
2025-10-20 18:32:28,670 - watchfiles.main - INFO - 1 change detected
2025-10-20 18:32:29,083 - watchfiles.main - INFO - 1 change detected
2025-10-20 18:32:29,485 - watchfiles.main - INFO - 1 change detected
2025-10-20 18:32:29,846 - watchfiles.main - INFO - 1 change detected
2025-10-20 18:32:30,260 - watchfiles.main - INFO - 1 change detected
2025-10-20 18:32:30,664 - watchfiles.main - INFO - 1 change detected
2025-10-20 18:32:31,068 - watchfiles.main - INFO - 1 change detected
2025-10-20 18:32:31,476 - watchfiles.main - INFO - 1 change detected
2025-10-20 18:32:31,843 - watchfiles.main - INFO - 1 change detected
2025-10-20 18:32:32,255 - watchfiles.main - INFO - 1 change detected
2025-10-20 18:32:32,670 - watchfiles.main - INFO - 1 change detected
2025-10-20 18:32:33,071 - watchfiles.main - INFO - 1 change detected
2025-10-20 18:32:33,486 - watchfiles.main - INFO - 1 change detected
2025-10-20 18:32:33,852 - watchfiles.main - INFO - 1 change detected
2025-10-20 18:32:34,267 - watchfiles.main - INFO - 1 change detected
2025-10-20 18:32:34,683 - watchfiles.main - INFO - 1 change detected
2025-10-20 18:32:35,097 - watchfiles.main - INFO - 1 change detected
2025-10-20 18:32:35,503 - watchfiles.main - INFO - 1 change detected
2025-10-20 18:32:35,913 - watchfiles.main - INFO - 1 change detected
2025-10-20 18:32:36,277 - watchfiles.main - INFO - 1 change detected
2025-10-20 18:32:36,694 - watchfiles.main - INFO - 1 change detected
2025-10-20 18:32:37,108 - watchfiles.main - INFO - 1 change detected
2025-10-20 18:32:37,521 - watchfiles.main - INFO - 1 change detected
2025-10-20 18:32:37,923 - watchfiles.main - INFO - 1 change detected
2025-10-20 18:32:38,337 - watchfiles.main - INFO - 1 change detected
2025-10-20 18:32:38,699 - watchfiles.main - INFO - 1 change detected
2025-10-20 18:32:39,102 - watchfiles.main - INFO - 1 change detected
2025-10-20 18:32:39,466 - watchfiles.main - INFO - 1 change detected
2025-10-20 18:32:39,832 - watchfiles.main - INFO - 1 change detected
2025-10-20 18:32:40,198 - watchfiles.main - INFO - 1 change detected
2025-10-20 18:32:40,563 - watchfiles.main - INFO - 1 change detected
2025-10-20 18:32:40,929 - watchfiles.main - INFO - 1 change detected
2025-10-20 18:32:41,294 - watchfiles.main - INFO - 1 change detected
2025-10-20 18:32:41,660 - watchfiles.main - INFO - 1 change detected
2025-10-20 18:32:42,013 - watchfiles.main - INFO - 1 change detected
2025-10-20 18:32:42,375 - watchfiles.main - INFO - 1 change detected
2025-10-20 18:32:42,729 - watchfiles.main - INFO - 1 change detected
2025-10-20 18:32:43,089 - watchfiles.main - INFO - 1 change detected
2025-10-20 18:32:43,453 - watchfiles.main - INFO - 1 change detected
2025-10-20 18:32:43,816 - watchfiles.main - INFO - 1 change detected
2025-10-20 18:32:44,169 - watchfiles.main - INFO - 1 change detected
2025-10-20 18:32:44,529 - watchfiles.main - INFO - 1 change detected
2025-10-20 18:32:44,883 - watchfiles.main - INFO - 1 change detected
2025-10-20 18:32:45,234 - watchfiles.main - INFO - 1 change detected
2025-10-20 18:32:45,596 - watchfiles.main - INFO - 1 change detected
2025-10-20 18:32:45,962 - watchfiles.main - INFO - 1 change detected
2025-10-20 18:32:46,327 - watchfiles.main - INFO - 1 change detected
2025-10-20 18:32:46,689 - watchfiles.main - INFO - 1 change detected
2025-10-20 18:32:47,052 - watchfiles.main - INFO - 1 change detected
2025-10-20 18:32:47,413 - watchfiles.main - INFO - 1 change detected
2025-10-20 18:32:47,772 - watchfiles.main - INFO - 1 change detected
2025-10-20 18:32:48,138 - watchfiles.main - INFO - 1 change detected
2025-10-20 18:32:48,495 - watchfiles.main - INFO - 1 change detected
2025-10-20 18:32:48,856 - watchfiles.main - INFO - 1 change detected
2025-10-20 18:32:49,216 - watchfiles.main - INFO - 1 change detected
2025-10-20 18:32:49,581 - watchfiles.main - INFO - 1 change detected
2025-10-20 18:32:49,936 - watchfiles.main - INFO - 1 change detected
2025-10-20 18:32:50,290 - watchfiles.main - INFO - 1 change detected
2025-10-20 18:32:50,651 - watchfiles.main - INFO - 1 change detected
2025-10-20 18:32:51,009 - watchfiles.main - INFO - 1 change detected
2025-10-20 18:32:51,369 - watchfiles.main - INFO - 1 change detected
2025-10-20 18:32:51,730 - watchfiles.main - INFO - 1 change detected
2025-10-20 18:32:52,088 - watchfiles.main - INFO - 1 change detected
2025-10-20 18:32:52,451 - watchfiles.main - INFO - 1 change detected
2025-10-20 18:32:52,812 - watchfiles.main - INFO - 1 change detected
2025-10-20 18:32:53,176 - watchfiles.main - INFO - 1 change detected
2025-10-20 18:32:53,527 - watchfiles.main - INFO - 1 change detected
2025-10-20 18:32:53,888 - watchfiles.main - INFO - 1 change detected
2025-10-20 18:32:54,248 - watchfiles.main - INFO - 1 change detected
2025-10-20 18:32:54,605 - watchfiles.main - INFO - 1 change detected
2025-10-20 18:32:54,957 - watchfiles.main - INFO - 1 change detected
2025-10-20 18:32:55,319 - watchfiles.main - INFO - 1 change detected
2025-10-20 18:32:55,682 - watchfiles.main - INFO - 1 change detected
2025-10-20 18:32:56,034 - watchfiles.main - INFO - 1 change detected
2025-10-20 18:32:56,397 - watchfiles.main - INFO - 1 change detected
2025-10-20 18:32:56,758 - watchfiles.main - INFO - 1 change detected
2025-10-20 18:32:57,117 - watchfiles.main - INFO - 1 change detected
2025-10-20 18:32:57,481 - watchfiles.main - INFO - 1 change detected
2025-10-20 18:32:57,836 - watchfiles.main - INFO - 1 change detected
2025-10-20 18:32:58,196 - watchfiles.main - INFO - 1 change detected
2025-10-20 18:32:58,554 - watchfiles.main - INFO - 1 change detected
2025-10-20 18:32:58,909 - watchfiles.main - INFO - 1 change detected
2025-10-20 18:32:59,268 - watchfiles.main - INFO - 1 change detected
2025-10-20 18:32:59,621 - watchfiles.main - INFO - 1 change detected
2025-10-20 18:32:59,979 - watchfiles.main - INFO - 1 change detected
2025-10-20 18:33:00,346 - watchfiles.main - INFO - 1 change detected
2025-10-20 18:33:00,702 - watchfiles.main - INFO - 1 change detected
2025-10-20 18:33:01,064 - watchfiles.main - INFO - 1 change detected
2025-10-20 18:33:01,426 - watchfiles.main - INFO - 1 change detected
2025-10-20 18:33:01,779 - watchfiles.main - INFO - 1 change detected
2025-10-20 18:33:02,132 - watchfiles.main - INFO - 1 change detected
2025-10-20 18:33:02,497 - watchfiles.main - INFO - 1 change detected
2025-10-20 18:33:02,855 - watchfiles.main - INFO - 1 change detected
2025-10-20 18:33:03,208 - watchfiles.main - INFO - 1 change detected
2025-10-20 18:33:03,571 - watchfiles.main - INFO - 1 change detected
2025-10-20 18:33:03,936 - watchfiles.main - INFO - 1 change detected
2025-10-20 18:33:04,299 - watchfiles.main - INFO - 1 change detected
2025-10-20 18:33:04,663 - watchfiles.main - INFO - 1 change detected
2025-10-20 18:33:05,016 - watchfiles.main - INFO - 1 change detected
2025-10-20 18:33:05,377 - watchfiles.main - INFO - 1 change detected
2025-10-20 18:33:05,729 - watchfiles.main - INFO - 1 change detected
2025-10-20 18:33:06,088 - watchfiles.main - INFO - 1 change detected
2025-10-20 18:33:06,440 - watchfiles.main - INFO - 1 change detected
2025-10-20 18:33:06,804 - watchfiles.main - INFO - 1 change detected
2025-10-20 18:33:07,169 - watchfiles.main - INFO - 1 change detected
2025-10-20 18:33:07,526 - watchfiles.main - INFO - 1 change detected
2025-10-20 18:33:07,879 - watchfiles.main - INFO - 1 change detected
2025-10-20 18:33:08,245 - watchfiles.main - INFO - 1 change detected
2025-10-20 18:33:08,609 - watchfiles.main - INFO - 1 change detected
2025-10-20 18:33:08,964 - watchfiles.main - INFO - 1 change detected
2025-10-20 18:33:09,329 - watchfiles.main - INFO - 1 change detected
2025-10-20 18:33:09,691 - watchfiles.main - INFO - 1 change detected
2025-10-20 18:33:10,054 - watchfiles.main - INFO - 1 change detected
2025-10-20 18:33:10,407 - watchfiles.main - INFO - 1 change detected
2025-10-20 18:33:10,767 - watchfiles.main - INFO - 1 change detected
2025-10-20 18:33:11,125 - watchfiles.main - INFO - 1 change detected
2025-10-20 18:33:11,481 - watchfiles.main - INFO - 1 change detected
2025-10-20 18:33:11,838 - watchfiles.main - INFO - 1 change detected
2025-10-20 18:33:12,195 - watchfiles.main - INFO - 1 change detected
2025-10-20 18:33:12,561 - watchfiles.main - INFO - 1 change detected
2025-10-20 18:33:12,919 - watchfiles.main - INFO - 1 change detected
2025-10-20 18:33:13,274 - watchfiles.main - INFO - 1 change detected
2025-10-20 18:33:13,626 - watchfiles.main - INFO - 1 change detected
2025-10-20 18:33:13,989 - watchfiles.main - INFO - 1 change detected
2025-10-20 18:33:14,352 - watchfiles.main - INFO - 1 change detected
2025-10-20 18:33:14,705 - watchfiles.main - INFO - 1 change detected
2025-10-20 18:33:15,058 - watchfiles.main - INFO - 1 change detected
2025-10-20 18:33:15,417 - watchfiles.main - INFO - 1 change detected
2025-10-20 18:33:15,768 - watchfiles.main - INFO - 1 change detected
2025-10-20 18:33:16,120 - watchfiles.main - INFO - 1 change detected
2025-10-20 18:33:16,478 - watchfiles.main - INFO - 1 change detected
2025-10-20 18:33:16,838 - watchfiles.main - INFO - 1 change detected
2025-10-20 18:33:17,193 - watchfiles.main - INFO - 1 change detected
2025-10-20 18:33:17,544 - watchfiles.main - INFO - 1 change detected
2025-10-20 18:33:17,898 - watchfiles.main - INFO - 1 change detected
2025-10-20 18:33:18,260 - watchfiles.main - INFO - 1 change detected
2025-10-20 18:33:18,619 - watchfiles.main - INFO - 1 change detected
2025-10-20 18:33:18,979 - watchfiles.main - INFO - 1 change detected
2025-10-20 18:33:19,339 - watchfiles.main - INFO - 1 change detected
2025-10-20 18:33:19,698 - watchfiles.main - INFO - 1 change detected
2025-10-20 18:33:20,052 - watchfiles.main - INFO - 1 change detected
2025-10-20 18:33:20,418 - watchfiles.main - INFO - 1 change detected
2025-10-20 18:33:20,768 - watchfiles.main - INFO - 1 change detected
2025-10-20 18:33:21,135 - watchfiles.main - INFO - 1 change detected
2025-10-20 18:33:21,497 - watchfiles.main - INFO - 1 change detected
2025-10-20 18:33:21,863 - watchfiles.main - INFO - 1 change detected
2025-10-20 18:33:22,215 - watchfiles.main - INFO - 1 change detected
2025-10-20 18:33:22,579 - watchfiles.main - INFO - 1 change detected
2025-10-20 18:33:22,945 - watchfiles.main - INFO - 1 change detected
2025-10-20 18:33:23,309 - watchfiles.main - INFO - 1 change detected
2025-10-20 18:33:23,668 - watchfiles.main - INFO - 1 change detected
2025-10-20 18:33:24,027 - watchfiles.main - INFO - 1 change detected
2025-10-20 18:33:24,391 - watchfiles.main - INFO - 1 change detected
2025-10-20 18:33:24,755 - watchfiles.main - INFO - 1 change detected
2025-10-20 18:33:25,120 - watchfiles.main - INFO - 1 change detected
2025-10-20 18:33:25,484 - watchfiles.main - INFO - 1 change detected
2025-10-20 18:33:25,838 - watchfiles.main - INFO - 1 change detected
2025-10-20 18:33:26,199 - watchfiles.main - INFO - 1 change detected
2025-10-20 18:33:26,556 - watchfiles.main - INFO - 1 change detected
2025-10-20 18:33:26,916 - watchfiles.main - INFO - 1 change detected
2025-10-20 18:33:27,273 - watchfiles.main - INFO - 1 change detected
2025-10-20 18:33:27,634 - watchfiles.main - INFO - 1 change detected
2025-10-20 18:33:27,996 - watchfiles.main - INFO - 1 change detected
2025-10-20 18:33:28,356 - watchfiles.main - INFO - 1 change detected
2025-10-20 18:33:28,710 - watchfiles.main - INFO - 1 change detected
2025-10-20 18:33:29,071 - watchfiles.main - INFO - 1 change detected
2025-10-20 18:33:29,424 - watchfiles.main - INFO - 1 change detected
2025-10-20 18:33:29,791 - watchfiles.main - INFO - 1 change detected
2025-10-20 18:33:30,152 - watchfiles.main - INFO - 1 change detected
2025-10-20 18:33:30,509 - watchfiles.main - INFO - 1 change detected
2025-10-20 18:33:30,875 - watchfiles.main - INFO - 1 change detected
2025-10-20 18:33:31,235 - watchfiles.main - INFO - 1 change detected
2025-10-20 18:33:31,598 - watchfiles.main - INFO - 1 change detected
2025-10-20 18:33:31,965 - watchfiles.main - INFO - 1 change detected
2025-10-20 18:33:32,330 - watchfiles.main - INFO - 1 change detected
2025-10-20 18:33:32,686 - watchfiles.main - INFO - 1 change detected
2025-10-20 18:33:33,044 - watchfiles.main - INFO - 1 change detected
2025-10-20 18:33:33,407 - watchfiles.main - INFO - 1 change detected
2025-10-20 18:33:33,760 - watchfiles.main - INFO - 1 change detected
2025-10-20 18:33:34,124 - watchfiles.main - INFO - 1 change detected
2025-10-20 18:33:34,488 - watchfiles.main - INFO - 1 change detected
2025-10-20 18:33:34,855 - watchfiles.main - INFO - 1 change detected
2025-10-20 18:33:35,208 - watchfiles.main - INFO - 1 change detected
2025-10-20 18:33:35,569 - watchfiles.main - INFO - 1 change detected
2025-10-20 18:33:35,933 - watchfiles.main - INFO - 1 change detected
2025-10-20 18:33:36,286 - watchfiles.main - INFO - 1 change detected
2025-10-20 18:33:36,641 - watchfiles.main - INFO - 1 change detected
2025-10-20 18:33:36,998 - watchfiles.main - INFO - 1 change detected
2025-10-20 18:33:37,363 - watchfiles.main - INFO - 1 change detected
2025-10-20 18:33:37,717 - watchfiles.main - INFO - 1 change detected
2025-10-20 18:33:38,078 - watchfiles.main - INFO - 1 change detected
2025-10-20 18:33:38,431 - watchfiles.main - INFO - 1 change detected
2025-10-20 18:33:38,791 - watchfiles.main - INFO - 1 change detected
2025-10-20 18:33:39,155 - watchfiles.main - INFO - 2 changes detected
2025-10-20 18:35:58,457 - main - INFO - Shutting down application...
2025-10-20 19:28:39,152 - main - INFO - Starting Kynora E-Commerce v1.0.0
2025-10-20 19:28:39,153 - main - INFO - Environment: development
2025-10-20 19:28:39,153 - main - INFO - Debug mode: True
2025-10-20 19:38:40,898 - main - INFO - Starting Kynora E-Commerce v1.0.0
2025-10-20 19:38:40,898 - main - INFO - Environment: development
2025-10-20 19:38:40,898 - main - INFO - Debug mode: True
2025-10-20 19:38:40,914 - main - INFO - Shutting down application...
2025-10-20 19:42:39,307 - main - INFO - Shutting down application...
2025-10-20 19:48:31,997 - main - INFO - Starting Kynora E-Commerce v1.0.0
2025-10-20 19:48:31,998 - main - INFO - Environment: development
2025-10-20 19:48:31,998 - main - INFO - Debug mode: True
2025-10-20 20:22:37,619 - main - INFO - Starting Kynora E-Commerce v1.0.0
2025-10-20 20:22:37,619 - main - INFO - Environment: development
2025-10-20 20:22:37,619 - main - INFO - Debug mode: True
